,1_no,gender,elder,D23,difficulties,help_needed,full_time,neet,vehicle,pb,1_sc5,a1,a2,a3,a4,a5,a6,a7,a8,a9,a10,a11,a12
0,1,0.0,0.0,0.0,1,0,1.0,0.0,1.0,1.0,2,0.0,0.0,0.0,2.0,0.0,0.0,0.0,0.0,0.0,0.0,0.0,0.0
600,1,0.0,0.0,0.0,1,0,1.0,0.0,1.0,1.0,2,5.0,0.0,0.0,0.0,0.0,0.0,0.0,0.0,0.0,0.0,0.0,0.0
300,1,0.0,0.0,0.0,1,0,1.0,0.0,1.0,1.0,2,0.0,0.0,0.0,0.0,0.0,0.0,0.0,0.0,0.0,0.0,0.0,0.0
843,1,0.0,0.0,0.0,1,0,1.0,0.0,1.0,1.0,2,5.0,0.0,0.0,0.0,3.0,0.0,0.0,0.0,0.0,0.0,0.0,0.0
601,2,1.0,0.0,1.0,1,0,0.0,0.0,0.0,1.0,2,0.0,0.0,2.0,1.0,0.0,0.0,0.0,0.0,0.0,2.0,0.0,1.0
1,2,1.0,0.0,1.0,1,0,0.0,0.0,0.0,1.0,2,4.0,0.0,1.0,5.0,0.0,0.0,4.0,2.0,1.0,1.0,0.0,2.0
844,2,1.0,0.0,1.0,1,0,0.0,0.0,0.0,1.0,2,0.0,0.0,1.0,0.0,0.0,0.0,0.0,0.0,0.0,0.0,0.0,0.0
301,2,1.0,0.0,1.0,1,0,0.0,0.0,0.0,1.0,2,0.0,0.0,2.0,0.0,0.0,0.0,0.0,0.0,0.0,0.0,0.0,0.0
302,3,1.0,0.0,1.0,1,0,1.0,0.0,1.0,0.0,3,0.0,0.0,0.0,0.0,0.0,0.0,0.0,0.0,0.0,0.0,0.0,0.0
602,3,1.0,0.0,0.0,1,0,1.0,0.0,1.0,0.0,3,0.0,0.0,0.0,0.0,0.0,0.0,0.0,3.0,0.0,0.0,0.0,0.0
2,3,1.0,0.0,1.0,1,0,1.0,0.0,1.0,0.0,3,0.0,0.0,0.0,0.0,0.0,0.0,0.0,2.0,0.0,0.0,0.0,0.0
845,3,1.0,0.0,0.0,1,0,1.0,0.0,1.0,0.0,3,5.0,0.0,0.0,0.0,0.0,0.0,0.0,0.0,0.0,0.0,0.0,0.0
3,4,1.0,0.0,0.0,1,0,1.0,0.0,0.0,0.0,1,5.0,0.0,0.0,2.0,0.0,0.0,0.0,0.0,2.0,2.0,0.0,0.0
303,4,1.0,0.0,0.0,1,0,1.0,0.0,0.0,0.0,1,1.0,0.0,0.0,3.0,2.0,0.0,0.0,0.0,0.0,6.0,0.0,0.0
304,5,0.0,0.0,1.0,1,0,0.0,0.0,0.0,1.0,1,2.0,0.0,0.0,2.0,1.0,0.0,0.0,0.0,1.0,0.0,0.0,0.0
4,5,0.0,0.0,1.0,1,0,0.0,0.0,0.0,1.0,1,2.0,0.0,0.0,2.0,0.0,0.0,0.0,0.0,0.0,0.0,0.0,0.0
846,6,0.0,0.0,0.0,1,0,1.0,0.0,1.0,1.0,2,5.0,5.0,0.0,5.0,5.0,3.0,4.0,0.0,0.0,0.0,0.0,0.0
603,6,0.0,0.0,0.0,1,0,1.0,0.0,1.0,1.0,2,5.0,0.0,0.0,4.0,0.0,0.0,0.0,0.0,0.0,0.0,0.0,0.0
5,6,0.0,0.0,0.0,1,0,1.0,0.0,1.0,1.0,2,1.0,0.0,0.0,0.0,1.0,0.0,1.0,0.0,0.0,0.0,0.0,0.0
305,6,0.0,0.0,0.0,1,0,1.0,0.0,1.0,1.0,2,5.0,0.0,5.0,5.0,0.0,0.0,0.0,0.0,0.0,0.0,0.0,0.0
306,7,1.0,0.0,0.0,1,0,1.0,0.0,1.0,1.0,1,4.0,0.0,0.0,2.0,0.0,0.0,0.0,0.0,0.0,0.0,0.0,0.0
6,7,1.0,0.0,0.0,1,0,1.0,0.0,1.0,1.0,1,0.0,2.0,0.0,0.0,2.0,0.0,0.0,0.0,0.0,0.0,0.0,0.0
307,8,1.0,0.0,1.0,1,0,1.0,0.0,1.0,1.0,3,5.0,0.0,0.0,0.0,0.0,0.0,0.0,0.0,0.0,0.0,0.0,0.0
604,8,1.0,0.0,1.0,1,0,1.0,0.0,1.0,1.0,3,0.0,0.0,0.0,0.0,0.0,0.0,0.0,0.0,0.0,0.0,0.0,0.0
847,8,1.0,0.0,1.0,1,0,1.0,0.0,1.0,1.0,3,2.0,0.0,0.0,0.0,0.0,0.0,0.0,0.0,0.0,0.0,0.0,0.0
7,8,1.0,0.0,1.0,1,0,1.0,0.0,1.0,1.0,3,0.0,4.0,0.0,0.0,0.0,0.0,0.0,0.0,0.0,0.0,0.0,0.0
308,9,0.0,0.0,1.0,1,0,0.0,0.0,0.0,1.0,1,0.0,0.0,0.0,1.0,0.0,0.0,0.0,0.0,0.0,0.0,0.0,0.0
605,9,0.0,0.0,0.0,1,0,0.0,0.0,0.0,1.0,1,0.0,0.0,0.0,1.0,1.0,0.0,0.0,0.0,0.0,0.0,0.0,1.0
848,9,0.0,0.0,0.0,1,0,1.0,0.0,0.0,1.0,1,3.0,0.0,0.0,1.0,1.0,0.0,0.0,0.0,0.0,0.0,0.0,0.0
8,9,0.0,0.0,1.0,1,0,0.0,0.0,0.0,1.0,1,5.0,0.0,0.0,3.0,5.0,5.0,1.0,0.0,2.0,0.0,0.0,0.0
9,10,0.0,0.0,0.0,1,0,0.0,0.0,1.0,1.0,1,2.0,3.0,0.0,2.0,2.0,1.0,1.0,1.0,0.0,0.0,1.0,0.0
309,10,0.0,0.0,0.0,1,0,0.0,0.0,1.0,1.0,1,2.0,3.0,0.0,1.0,2.0,1.0,2.0,2.0,0.0,0.0,1.0,0.0
606,10,0.0,0.0,0.0,1,0,0.0,0.0,1.0,1.0,1,2.0,2.0,1.0,2.0,2.0,0.0,0.0,0.0,0.0,1.0,1.0,1.0
607,11,0.0,0.0,1.0,1,0,1.0,0.0,1.0,1.0,4,5.0,0.0,0.0,0.0,0.0,0.0,0.0,0.0,0.0,0.0,0.0,0.0
849,11,0.0,0.0,1.0,1,0,1.0,0.0,1.0,1.0,4,0.0,0.0,0.0,0.0,0.0,0.0,0.0,0.0,0.0,0.0,0.0,0.0
310,11,0.0,0.0,1.0,1,0,1.0,0.0,1.0,1.0,4,5.0,0.0,0.0,5.0,0.0,0.0,0.0,0.0,0.0,0.0,0.0,0.0
10,11,0.0,0.0,1.0,1,0,1.0,0.0,1.0,1.0,4,6.0,0.0,0.0,6.0,0.0,0.0,0.0,0.0,0.0,0.0,0.0,0.0
11,12,0.0,0.0,0.0,1,0,1.0,0.0,1.0,1.0,1,5.0,0.0,0.0,0.0,0.0,0.0,0.0,0.0,0.0,0.0,0.0,0.0
850,12,0.0,0.0,0.0,1,0,1.0,0.0,1.0,1.0,1,4.0,0.0,0.0,2.0,2.0,0.0,0.0,0.0,0.0,0.0,0.0,0.0
311,12,0.0,0.0,0.0,1,0,1.0,0.0,1.0,1.0,1,0.0,0.0,0.0,2.0,0.0,0.0,0.0,0.0,0.0,0.0,0.0,0.0
608,12,0.0,0.0,0.0,1,0,1.0,0.0,1.0,1.0,1,3.0,0.0,0.0,0.0,3.0,0.0,0.0,0.0,0.0,0.0,0.0,0.0
851,13,1.0,0.0,0.0,1,0,0.0,0.0,0.0,1.0,2,0.0,0.0,1.0,0.0,0.0,0.0,0.0,0.0,0.0,7.0,0.0,0.0
12,13,1.0,0.0,1.0,1,0,0.0,0.0,0.0,0.0,2,5.0,0.0,1.0,0.0,0.0,0.0,0.0,0.0,0.0,0.0,0.0,0.0
312,13,1.0,0.0,1.0,1,0,0.0,0.0,0.0,0.0,2,0.0,0.0,1.0,0.0,0.0,0.0,0.0,0.0,0.0,0.0,0.0,0.0
609,13,1.0,0.0,0.0,1,0,0.0,0.0,0.0,0.0,2,3.0,0.0,1.0,0.0,0.0,0.0,0.0,0.0,0.0,0.0,0.0,0.0
610,14,1.0,0.0,1.0,1,0,1.0,0.0,0.0,1.0,1,3.0,0.0,0.0,2.0,0.0,0.0,0.0,0.0,0.0,0.0,0.0,0.0
13,14,1.0,0.0,1.0,1,0,1.0,0.0,0.0,1.0,1,5.0,0.0,0.0,2.0,0.0,0.0,0.0,0.0,0.0,0.0,0.0,0.0
313,14,1.0,0.0,1.0,1,0,1.0,0.0,0.0,1.0,1,1.0,0.0,0.0,5.0,0.0,0.0,0.0,0.0,0.0,0.0,0.0,0.0
611,15,1.0,1.0,0.0,1,0,0.0,0.0,0.0,1.0,1,5.0,0.0,0.0,0.0,0.0,0.0,0.0,0.0,0.0,0.0,0.0,0.0
852,15,1.0,1.0,0.0,1,0,0.0,0.0,0.0,1.0,1,5.0,0.0,0.0,0.0,0.0,0.0,0.0,1.0,0.0,0.0,0.0,0.0
14,15,1.0,1.0,0.0,1,0,0.0,0.0,0.0,1.0,1,5.0,0.0,0.0,0.0,0.0,0.0,0.0,0.0,0.0,0.0,0.0,0.0
314,15,1.0,1.0,0.0,1,0,0.0,0.0,0.0,1.0,1,0.0,0.0,0.0,0.0,0.0,0.0,0.0,0.0,0.0,0.0,0.0,0.0
853,16,0.0,0.0,1.0,1,0,0.0,1.0,0.0,0.0,1,0.0,1.0,0.0,3.0,2.0,3.0,0.0,0.0,1.0,3.0,0.0,0.0
315,16,0.0,0.0,1.0,1,0,0.0,1.0,0.0,0.0,1,0.0,0.0,0.0,2.0,2.0,0.0,0.0,0.0,0.0,1.0,0.0,0.0
612,16,0.0,0.0,1.0,1,0,0.0,1.0,0.0,0.0,1,0.0,0.0,0.0,1.0,2.0,0.0,0.0,0.0,0.0,3.0,0.0,0.0
15,16,0.0,0.0,1.0,1,0,0.0,1.0,0.0,0.0,1,0.0,0.0,0.0,3.0,0.0,0.0,1.0,0.0,0.0,0.0,0.0,0.0
854,17,0.0,0.0,0.0,1,0,1.0,0.0,1.0,1.0,1,0.0,0.0,0.0,3.0,0.0,0.0,0.0,0.0,0.0,0.0,0.0,0.0
316,17,0.0,0.0,0.0,1,0,1.0,0.0,1.0,1.0,1,0.0,0.0,1.0,1.0,0.0,0.0,0.0,0.0,0.0,5.0,0.0,1.0
16,17,0.0,0.0,0.0,1,0,1.0,0.0,1.0,1.0,1,0.0,0.0,0.0,2.0,0.0,0.0,0.0,0.0,0.0,0.0,0.0,0.0
613,17,0.0,0.0,0.0,1,0,1.0,0.0,1.0,1.0,1,0.0,0.0,1.0,3.0,0.0,0.0,0.0,0.0,0.0,0.0,0.0,0.0
317,18,1.0,0.0,1.0,1,0,0.0,0.0,1.0,1.0,3,4.0,0.0,0.0,2.0,2.0,0.0,0.0,0.0,0.0,0.0,0.0,0.0
855,18,1.0,0.0,1.0,1,0,0.0,0.0,1.0,1.0,3,2.0,4.0,0.0,3.0,0.0,0.0,0.0,0.0,5.0,2.0,0.0,0.0
17,18,1.0,0.0,1.0,1,0,0.0,0.0,1.0,1.0,3,4.0,0.0,0.0,2.0,0.0,0.0,2.0,0.0,3.0,0.0,0.0,0.0
614,18,1.0,0.0,1.0,1,0,0.0,0.0,1.0,1.0,3,2.0,3.0,0.0,3.0,0.0,2.0,0.0,1.0,0.0,0.0,0.0,0.0
318,19,1.0,0.0,1.0,1,0,1.0,0.0,1.0,1.0,2,7.0,0.0,0.0,0.0,0.0,0.0,0.0,0.0,0.0,0.0,0.0,0.0
615,19,1.0,0.0,1.0,1,0,1.0,0.0,1.0,1.0,2,3.0,0.0,0.0,0.0,0.0,0.0,0.0,0.0,0.0,0.0,0.0,0.0
18,19,1.0,0.0,1.0,1,0,1.0,0.0,1.0,1.0,2,0.0,0.0,0.0,0.0,3.0,0.0,0.0,0.0,0.0,2.0,0.0,0.0
19,20,1.0,0.0,0.0,1,0,0.0,1.0,0.0,0.0,1,3.0,0.0,0.0,0.0,0.0,2.0,0.0,0.0,1.0,2.0,0.0,0.0
319,20,1.0,0.0,0.0,1,0,0.0,1.0,0.0,0.0,1,0.0,0.0,0.0,1.0,0.0,0.0,0.0,0.0,0.0,3.0,0.0,1.0
616,21,1.0,0.0,0.0,1,0,0.0,0.0,1.0,1.0,1,4.0,0.0,0.0,2.0,0.0,0.0,0.0,0.0,0.0,0.0,0.0,0.0
856,21,1.0,0.0,0.0,1,0,0.0,0.0,1.0,1.0,1,0.0,0.0,0.0,2.0,0.0,0.0,0.0,0.0,0.0,0.0,0.0,1.0
20,21,1.0,0.0,0.0,1,0,0.0,0.0,1.0,1.0,1,0.0,0.0,0.0,3.0,0.0,1.0,0.0,0.0,0.0,1.0,0.0,0.0
320,21,1.0,0.0,0.0,1,0,0.0,0.0,1.0,1.0,1,3.0,0.0,0.0,2.0,0.0,0.0,0.0,0.0,0.0,0.0,0.0,1.0
21,22,1.0,0.0,0.0,1,0,0.0,1.0,1.0,0.0,1,0.0,0.0,0.0,3.0,0.0,3.0,0.0,0.0,0.0,2.0,0.0,0.0
321,22,1.0,0.0,0.0,1,0,0.0,1.0,1.0,0.0,1,0.0,0.0,0.0,3.0,0.0,3.0,0.0,0.0,0.0,3.0,0.0,0.0
617,23,1.0,0.0,1.0,1,0,1.0,0.0,0.0,1.0,2,3.0,0.0,0.0,2.0,0.0,2.0,0.0,0.0,0.0,2.0,2.0,0.0
322,23,1.0,0.0,1.0,1,0,1.0,0.0,0.0,1.0,2,2.0,0.0,1.0,4.0,3.0,0.0,0.0,0.0,0.0,0.0,0.0,2.0
857,23,1.0,0.0,1.0,1,0,1.0,0.0,0.0,1.0,2,5.0,0.0,1.0,2.0,0.0,2.0,0.0,0.0,0.0,2.0,0.0,2.0
22,23,1.0,0.0,1.0,1,0,1.0,0.0,0.0,1.0,2,5.0,0.0,1.0,3.0,1.0,1.0,0.0,0.0,0.0,2.0,2.0,1.0
858,24,0.0,1.0,0.0,1,0,0.0,1.0,0.0,0.0,1,0.0,0.0,0.0,4.0,0.0,0.0,0.0,0.0,0.0,6.0,0.0,1.0
618,24,0.0,1.0,0.0,1,0,0.0,1.0,0.0,0.0,1,0.0,0.0,0.0,4.0,0.0,0.0,0.0,0.0,0.0,0.0,0.0,0.0
23,24,0.0,1.0,0.0,1,0,0.0,1.0,0.0,0.0,1,0.0,0.0,0.0,7.0,0.0,7.0,0.0,2.0,0.0,0.0,0.0,0.0
323,24,0.0,1.0,0.0,1,0,0.0,1.0,0.0,0.0,1,0.0,0.0,0.0,2.0,0.0,2.0,0.0,0.0,0.0,0.0,0.0,0.0
324,25,0.0,0.0,1.0,1,0,1.0,0.0,0.0,1.0,2,0.0,0.0,0.0,0.0,0.0,0.0,0.0,0.0,0.0,0.0,0.0,0.0
619,25,0.0,0.0,1.0,1,0,1.0,0.0,0.0,1.0,2,3.0,0.0,0.0,0.0,0.0,0.0,0.0,0.0,0.0,0.0,0.0,0.0
24,25,0.0,0.0,1.0,1,0,1.0,0.0,0.0,1.0,2,5.0,0.0,1.0,2.0,0.0,0.0,0.0,0.0,0.0,0.0,0.0,0.0
859,25,0.0,0.0,1.0,1,0,1.0,0.0,0.0,1.0,2,3.0,0.0,0.0,0.0,0.0,0.0,0.0,0.0,0.0,0.0,0.0,0.0
325,26,1.0,0.0,1.0,1,0,1.0,0.0,0.0,1.0,1,0.0,0.0,0.0,3.0,2.0,1.0,0.0,0.0,0.0,0.0,0.0,0.0
25,26,1.0,0.0,1.0,1,0,1.0,0.0,0.0,1.0,1,5.0,0.0,0.0,2.0,0.0,0.0,0.0,1.0,0.0,0.0,0.0,0.0
860,26,1.0,0.0,1.0,1,0,1.0,0.0,0.0,1.0,1,0.0,0.0,1.0,3.0,0.0,0.0,0.0,0.0,0.0,0.0,0.0,0.0
620,26,1.0,0.0,1.0,1,0,1.0,0.0,0.0,1.0,1,2.0,0.0,0.0,2.0,0.0,0.0,0.0,2.0,2.0,0.0,0.0,0.0
26,27,1.0,1.0,0.0,1,0,0.0,0.0,0.0,1.0,2,0.0,0.0,0.0,2.0,0.0,0.0,0.0,0.0,0.0,3.0,0.0,0.0
861,27,1.0,1.0,0.0,1,0,0.0,0.0,0.0,1.0,2,2.0,0.0,1.0,3.0,0.0,0.0,0.0,0.0,0.0,0.0,0.0,0.0
326,27,1.0,1.0,0.0,1,0,0.0,0.0,0.0,1.0,2,2.0,0.0,0.0,4.0,0.0,0.0,0.0,0.0,0.0,0.0,0.0,0.0
621,27,1.0,1.0,0.0,1,0,0.0,0.0,0.0,1.0,2,1.0,0.0,1.0,2.0,0.0,0.0,0.0,0.0,0.0,0.0,0.0,1.0
27,28,0.0,0.0,1.0,1,0,0.0,1.0,0.0,0.0,1,0.0,0.0,0.0,5.0,1.0,1.0,1.0,1.0,1.0,0.0,1.0,0.0
622,28,0.0,0.0,1.0,1,0,0.0,1.0,0.0,0.0,1,0.0,0.0,0.0,3.0,1.0,0.0,0.0,0.0,0.0,0.0,0.0,0.0
862,28,0.0,0.0,1.0,1,0,0.0,1.0,0.0,0.0,1,0.0,0.0,0.0,3.0,1.0,0.0,0.0,0.0,0.0,0.0,0.0,0.0
327,28,0.0,0.0,1.0,1,0,0.0,1.0,0.0,0.0,1,0.0,0.0,0.0,3.0,2.0,0.0,0.0,0.0,0.0,0.0,0.0,0.0
623,29,0.0,0.0,1.0,1,0,1.0,0.0,0.0,1.0,1,5.0,0.0,0.0,0.0,0.0,0.0,0.0,0.0,0.0,0.0,0.0,0.0
28,29,0.0,0.0,1.0,1,0,1.0,0.0,0.0,1.0,1,3.0,3.0,3.0,3.0,3.0,3.0,3.0,3.0,3.0,0.0,3.0,3.0
328,29,0.0,0.0,1.0,1,0,1.0,0.0,0.0,1.0,1,0.0,0.0,0.0,5.0,0.0,0.0,0.0,0.0,0.0,0.0,0.0,0.0
29,30,1.0,1.0,1.0,1,0,0.0,0.0,0.0,1.0,1,5.0,0.0,0.0,5.0,0.0,0.0,0.0,0.0,0.0,0.0,0.0,0.0
863,30,1.0,1.0,1.0,1,0,0.0,0.0,0.0,1.0,1,4.0,0.0,0.0,6.0,0.0,0.0,0.0,0.0,0.0,0.0,0.0,0.0
329,30,1.0,1.0,1.0,1,0,0.0,0.0,0.0,1.0,1,2.0,0.0,0.0,5.0,0.0,0.0,0.0,0.0,0.0,0.0,0.0,0.0
624,30,1.0,1.0,1.0,1,0,0.0,0.0,0.0,1.0,1,4.0,0.0,0.0,3.0,0.0,0.0,0.0,0.0,0.0,0.0,0.0,1.0
30,31,1.0,0.0,0.0,1,0,0.0,1.0,0.0,0.0,1,0.0,0.0,0.0,4.0,0.0,0.0,0.0,0.0,0.0,0.0,0.0,0.0
330,31,1.0,0.0,0.0,1,0,0.0,1.0,0.0,0.0,1,0.0,0.0,0.0,0.0,0.0,0.0,0.0,0.0,0.0,0.0,0.0,0.0
331,32,0.0,0.0,0.0,1,0,0.0,1.0,1.0,0.0,1,0.0,0.0,0.0,1.0,0.0,0.0,0.0,0.0,0.0,0.0,0.0,1.0
31,32,0.0,0.0,0.0,1,0,0.0,1.0,1.0,0.0,1,0.0,0.0,0.0,1.0,0.0,0.0,0.0,0.0,2.0,0.0,0.0,0.0
625,32,0.0,0.0,0.0,1,0,0.0,1.0,1.0,0.0,1,0.0,0.0,1.0,1.0,0.0,0.0,0.0,0.0,1.0,0.0,0.0,1.0
864,33,0.0,0.0,1.0,1,0,0.0,0.0,0.0,1.0,2,5.0,0.0,1.0,3.0,0.0,1.0,0.0,0.0,1.0,1.0,0.0,1.0
32,33,0.0,0.0,1.0,1,0,0.0,0.0,0.0,1.0,2,5.0,0.0,0.0,3.0,0.0,0.0,0.0,0.0,0.0,0.0,0.0,0.0
626,33,0.0,0.0,1.0,1,0,0.0,0.0,0.0,1.0,2,5.0,0.0,0.0,3.0,0.0,1.0,0.0,0.0,2.0,0.0,0.0,1.0
332,33,0.0,0.0,1.0,1,0,0.0,0.0,0.0,1.0,2,5.0,0.0,0.0,3.0,0.0,0.0,0.0,0.0,2.0,0.0,0.0,0.0
33,34,0.0,0.0,1.0,1,0,0.0,1.0,1.0,0.0,1,0.0,2.0,0.0,4.0,0.0,0.0,0.0,3.0,2.0,0.0,3.0,0.0
627,34,0.0,0.0,1.0,1,0,0.0,1.0,1.0,0.0,1,0.0,2.0,0.0,4.0,3.0,0.0,0.0,0.0,0.0,0.0,0.0,0.0
333,34,0.0,0.0,1.0,1,0,0.0,1.0,1.0,0.0,1,0.0,0.0,0.0,3.0,2.0,0.0,0.0,0.0,3.0,0.0,0.0,1.0
865,34,0.0,0.0,1.0,1,0,0.0,1.0,1.0,0.0,1,0.0,0.0,0.0,3.0,0.0,0.0,2.0,0.0,2.0,0.0,0.0,0.0
34,35,0.0,0.0,1.0,1,0,0.0,1.0,0.0,0.0,1,0.0,0.0,0.0,3.0,1.0,1.0,0.0,0.0,0.0,0.0,0.0,1.0
628,35,0.0,0.0,1.0,1,0,0.0,1.0,0.0,0.0,1,0.0,0.0,0.0,3.0,0.0,1.0,0.0,1.0,0.0,0.0,0.0,1.0
334,35,0.0,0.0,1.0,1,0,0.0,1.0,0.0,0.0,1,0.0,0.0,0.0,2.0,0.0,1.0,0.0,0.0,0.0,0.0,0.0,0.0
866,35,0.0,0.0,1.0,1,0,0.0,1.0,0.0,0.0,1,0.0,0.0,0.0,1.0,0.0,0.0,0.0,1.0,0.0,0.0,0.0,0.0
629,36,1.0,0.0,1.0,1,0,1.0,0.0,1.0,0.0,3,0.0,0.0,0.0,0.0,2.0,0.0,0.0,0.0,0.0,0.0,0.0,0.0
35,36,1.0,0.0,1.0,1,0,1.0,0.0,1.0,0.0,3,0.0,0.0,0.0,0.0,0.0,0.0,3.0,0.0,0.0,0.0,0.0,0.0
867,36,1.0,0.0,1.0,1,0,1.0,0.0,1.0,0.0,3,0.0,1.0,0.0,0.0,0.0,0.0,0.0,0.0,0.0,0.0,2.0,0.0
335,36,1.0,0.0,1.0,1,0,1.0,0.0,1.0,0.0,3,0.0,0.0,0.0,0.0,0.0,1.0,0.0,0.0,0.0,0.0,0.0,0.0
336,37,1.0,0.0,0.0,1,0,1.0,0.0,0.0,1.0,1,0.0,0.0,1.0,3.0,2.0,0.0,0.0,0.0,0.0,0.0,0.0,0.0
868,37,1.0,0.0,0.0,1,0,1.0,0.0,0.0,1.0,1,5.0,0.0,1.0,0.0,5.0,0.0,0.0,0.0,0.0,0.0,0.0,0.0
36,37,1.0,0.0,0.0,1,0,1.0,0.0,0.0,1.0,1,5.0,0.0,0.0,0.0,0.0,0.0,0.0,0.0,0.0,0.0,0.0,1.0
630,37,1.0,0.0,0.0,1,0,1.0,0.0,0.0,1.0,1,5.0,0.0,0.0,0.0,0.0,0.0,0.0,0.0,0.0,0.0,0.0,0.0
37,38,1.0,1.0,1.0,1,0,0.0,0.0,0.0,0.0,1,0.0,0.0,0.0,2.0,0.0,0.0,0.0,0.0,0.0,0.0,0.0,0.0
631,38,1.0,0.0,1.0,1,0,0.0,0.0,0.0,0.0,1,0.0,0.0,0.0,2.0,0.0,0.0,0.0,0.0,0.0,0.0,0.0,0.0
869,38,1.0,1.0,1.0,1,0,0.0,0.0,0.0,0.0,1,0.0,0.0,0.0,0.0,0.0,0.0,0.0,0.0,0.0,0.0,0.0,0.0
337,38,1.0,1.0,1.0,1,0,0.0,0.0,0.0,0.0,1,0.0,0.0,0.0,2.0,0.0,0.0,0.0,0.0,0.0,0.0,0.0,0.0
38,39,1.0,0.0,0.0,1,0,1.0,0.0,0.0,1.0,2,0.0,0.0,0.0,3.0,0.0,0.0,0.0,0.0,0.0,0.0,0.0,0.0
338,39,1.0,0.0,0.0,1,0,1.0,0.0,0.0,1.0,2,0.0,0.0,0.0,3.0,0.0,0.0,0.0,0.0,0.0,0.0,0.0,1.0
870,39,1.0,0.0,0.0,1,0,1.0,0.0,0.0,1.0,2,5.0,0.0,0.0,0.0,0.0,0.0,0.0,0.0,0.0,0.0,0.0,0.0
632,39,1.0,0.0,0.0,1,0,1.0,0.0,0.0,1.0,2,5.0,0.0,0.0,0.0,0.0,0.0,0.0,0.0,0.0,0.0,0.0,0.0
633,40,1.0,0.0,0.0,1,0,0.0,0.0,0.0,1.0,1,4.0,0.0,0.0,0.0,0.0,0.0,0.0,0.0,0.0,0.0,0.0,0.0
39,40,1.0,0.0,0.0,1,0,0.0,0.0,0.0,1.0,1,3.0,0.0,0.0,1.0,0.0,0.0,0.0,0.0,1.0,0.0,0.0,0.0
871,40,0.0,0.0,0.0,1,0,0.0,0.0,0.0,1.0,1,0.0,0.0,0.0,0.0,0.0,1.0,0.0,0.0,0.0,0.0,0.0,0.0
339,40,1.0,0.0,0.0,1,0,0.0,0.0,0.0,1.0,1,0.0,0.0,0.0,0.0,0.0,0.0,0.0,0.0,0.0,0.0,0.0,0.0
634,41,0.0,0.0,1.0,1,0,1.0,0.0,1.0,1.0,2,0.0,0.0,0.0,2.0,2.0,0.0,0.0,0.0,0.0,0.0,0.0,0.0
40,41,0.0,0.0,1.0,1,0,1.0,0.0,1.0,1.0,2,0.0,0.0,0.0,3.0,3.0,0.0,0.0,0.0,0.0,0.0,0.0,0.0
872,41,0.0,0.0,1.0,1,0,1.0,0.0,1.0,1.0,2,0.0,0.0,0.0,0.0,0.0,3.0,0.0,3.0,0.0,0.0,0.0,0.0
340,41,0.0,0.0,1.0,1,0,1.0,0.0,1.0,1.0,2,0.0,0.0,0.0,2.0,2.0,0.0,0.0,0.0,0.0,0.0,0.0,0.0
873,42,0.0,0.0,1.0,1,0,0.0,1.0,1.0,0.0,1,0.0,0.0,0.0,7.0,0.0,2.0,0.0,0.0,3.0,0.0,0.0,0.0
41,42,0.0,0.0,1.0,1,0,0.0,1.0,1.0,0.0,1,0.0,1.0,0.0,7.0,0.0,0.0,0.0,0.0,3.0,0.0,0.0,0.0
341,42,0.0,0.0,1.0,1,0,0.0,1.0,1.0,0.0,1,0.0,1.0,0.0,7.0,0.0,0.0,0.0,0.0,0.0,0.0,0.0,0.0
635,42,0.0,0.0,1.0,1,0,0.0,1.0,1.0,0.0,1,0.0,0.0,0.0,5.0,0.0,0.0,0.0,0.0,0.0,0.0,2.0,0.0
42,43,1.0,0.0,1.0,1,0,0.0,0.0,0.0,1.0,2,0.0,0.0,0.0,2.0,0.0,0.0,0.0,0.0,0.0,0.0,0.0,0.0
342,43,1.0,0.0,1.0,1,0,0.0,0.0,0.0,1.0,2,0.0,0.0,0.0,0.0,0.0,0.0,0.0,0.0,3.0,0.0,0.0,0.0
874,44,0.0,0.0,1.0,1,0,1.0,0.0,1.0,1.0,3,3.0,0.0,0.0,0.0,0.0,4.0,0.0,0.0,0.0,0.0,0.0,0.0
343,44,0.0,0.0,1.0,1,0,1.0,0.0,1.0,1.0,3,5.0,3.0,0.0,0.0,0.0,0.0,0.0,0.0,0.0,0.0,0.0,0.0
43,44,0.0,0.0,1.0,1,0,1.0,0.0,1.0,1.0,3,0.0,0.0,0.0,0.0,0.0,2.0,0.0,0.0,0.0,0.0,0.0,0.0
636,44,0.0,0.0,1.0,1,0,1.0,0.0,1.0,1.0,3,3.0,0.0,0.0,0.0,0.0,0.0,0.0,0.0,0.0,0.0,0.0,0.0
344,45,1.0,0.0,1.0,1,0,0.0,0.0,0.0,1.0,2,0.0,0.0,0.0,2.0,0.0,0.0,0.0,0.0,0.0,0.0,0.0,0.0
44,45,1.0,0.0,1.0,1,0,0.0,0.0,0.0,1.0,2,5.0,0.0,1.0,3.0,1.0,2.0,0.0,0.0,0.0,2.0,1.0,1.0
875,45,1.0,0.0,1.0,1,0,0.0,0.0,0.0,1.0,2,3.0,0.0,1.0,0.0,0.0,2.0,0.0,0.0,0.0,0.0,0.0,0.0
637,45,1.0,0.0,1.0,1,0,0.0,0.0,0.0,1.0,2,3.0,0.0,0.0,0.0,0.0,0.0,0.0,0.0,0.0,0.0,0.0,0.0
45,46,1.0,1.0,1.0,1,0,0.0,0.0,1.0,1.0,1,5.0,0.0,0.0,2.0,0.0,0.0,2.0,2.0,0.0,0.0,0.0,0.0
345,46,1.0,1.0,1.0,1,0,0.0,0.0,1.0,1.0,1,5.0,0.0,0.0,2.0,0.0,0.0,0.0,1.0,0.0,0.0,0.0,0.0
876,46,1.0,1.0,1.0,1,0,0.0,0.0,1.0,1.0,1,5.0,0.0,0.0,2.0,0.0,1.0,1.0,0.0,0.0,0.0,0.0,1.0
638,46,1.0,1.0,1.0,1,0,0.0,0.0,1.0,1.0,1,5.0,0.0,0.0,2.0,0.0,1.0,1.0,0.0,0.0,0.0,0.0,1.0
639,47,0.0,0.0,0.0,1,0,0.0,1.0,0.0,0.0,1,0.0,0.0,0.0,1.0,0.0,0.0,0.0,0.0,0.0,0.0,0.0,0.0
346,47,0.0,0.0,0.0,1,0,0.0,1.0,0.0,0.0,1,0.0,0.0,0.0,2.0,0.0,0.0,0.0,0.0,0.0,0.0,0.0,0.0
46,47,0.0,0.0,0.0,1,0,0.0,1.0,0.0,0.0,1,0.0,4.0,0.0,3.0,0.0,0.0,0.0,0.0,0.0,0.0,0.0,0.0
877,47,0.0,0.0,0.0,1,0,0.0,1.0,0.0,0.0,1,0.0,4.0,0.0,2.0,0.0,0.0,0.0,0.0,0.0,0.0,0.0,0.0
640,48,0.0,0.0,1.0,1,0,1.0,0.0,1.0,1.0,3,0.0,0.0,0.0,3.0,3.0,0.0,0.0,0.0,0.0,0.0,0.0,0.0
347,48,0.0,0.0,1.0,1,0,1.0,0.0,1.0,1.0,3,0.0,0.0,0.0,3.0,3.0,0.0,0.0,0.0,0.0,0.0,0.0,0.0
878,48,0.0,0.0,1.0,1,0,1.0,0.0,1.0,1.0,3,0.0,0.0,0.0,0.0,0.0,0.0,0.0,0.0,0.0,0.0,0.0,0.0
47,48,0.0,0.0,1.0,1,0,1.0,0.0,1.0,1.0,3,0.0,0.0,0.0,0.0,0.0,0.0,0.0,0.0,0.0,0.0,4.0,0.0
48,49,1.0,0.0,0.0,1,0,1.0,0.0,1.0,1.0,2,0.0,0.0,2.0,0.0,3.0,0.0,0.0,0.0,1.0,0.0,0.0,0.0
641,49,1.0,0.0,0.0,1,0,0.0,0.0,1.0,0.0,2,0.0,0.0,0.0,0.0,0.0,0.0,0.0,0.0,0.0,0.0,0.0,0.0
348,49,1.0,0.0,0.0,1,0,1.0,0.0,1.0,1.0,2,0.0,0.0,0.0,1.0,0.0,0.0,1.0,0.0,0.0,2.0,0.0,0.0
879,49,1.0,0.0,0.0,1,0,0.0,0.0,1.0,0.0,2,0.0,1.0,0.0,0.0,0.0,0.0,0.0,0.0,0.0,0.0,0.0,2.0
642,50,0.0,0.0,1.0,1,0,0.0,0.0,0.0,1.0,1,3.0,0.0,0.0,3.0,0.0,0.0,0.0,0.0,0.0,0.0,0.0,0.0
349,50,0.0,0.0,1.0,1,0,0.0,0.0,0.0,1.0,1,0.0,0.0,0.0,3.0,0.0,0.0,0.0,0.0,0.0,0.0,0.0,0.0
880,50,0.0,0.0,1.0,1,0,0.0,0.0,0.0,1.0,1,4.0,0.0,0.0,0.0,0.0,0.0,0.0,0.0,0.0,0.0,0.0,0.0
49,50,0.0,0.0,1.0,1,0,0.0,0.0,0.0,1.0,1,5.0,0.0,0.0,2.0,0.0,0.0,0.0,0.0,0.0,0.0,0.0,0.0
350,51,0.0,1.0,0.0,1,0,0.0,1.0,1.0,0.0,1,0.0,0.0,1.0,3.0,0.0,0.0,0.0,1.0,0.0,1.0,0.0,0.0
881,51,0.0,1.0,0.0,1,0,0.0,1.0,1.0,0.0,1,0.0,0.0,1.0,3.0,0.0,0.0,0.0,0.0,0.0,0.0,0.0,0.0
50,51,0.0,1.0,0.0,1,0,0.0,1.0,1.0,0.0,1,0.0,0.0,0.0,3.0,0.0,0.0,0.0,0.0,0.0,0.0,0.0,0.0
643,51,0.0,1.0,0.0,1,0,0.0,1.0,1.0,0.0,1,0.0,0.0,1.0,3.0,0.0,0.0,0.0,0.0,0.0,0.0,0.0,0.0
882,52,1.0,0.0,1.0,1,0,1.0,0.0,1.0,1.0,2,0.0,0.0,0.0,2.0,0.0,0.0,0.0,0.0,0.0,0.0,0.0,0.0
51,52,1.0,0.0,1.0,1,0,1.0,0.0,1.0,1.0,2,7.0,0.0,0.0,2.0,0.0,0.0,0.0,0.0,0.0,0.0,0.0,0.0
644,52,1.0,0.0,1.0,1,0,1.0,0.0,1.0,1.0,2,0.0,0.0,0.0,3.0,0.0,0.0,0.0,0.0,0.0,0.0,0.0,0.0
351,52,1.0,0.0,1.0,1,0,1.0,0.0,1.0,1.0,2,0.0,0.0,0.0,2.0,0.0,0.0,0.0,0.0,0.0,0.0,0.0,0.0
352,53,1.0,0.0,1.0,1,0,1.0,0.0,1.0,1.0,1,3.0,0.0,0.0,0.0,0.0,0.0,0.0,0.0,0.0,0.0,0.0,0.0
52,53,1.0,0.0,1.0,1,0,1.0,0.0,1.0,1.0,1,5.0,0.0,0.0,0.0,0.0,0.0,0.0,0.0,0.0,0.0,0.0,0.0
645,53,1.0,0.0,1.0,1,0,1.0,0.0,1.0,1.0,1,3.0,0.0,0.0,2.0,0.0,0.0,0.0,0.0,0.0,0.0,0.0,0.0
883,53,1.0,0.0,1.0,1,0,1.0,0.0,1.0,1.0,1,5.0,0.0,0.0,0.0,0.0,0.0,0.0,0.0,0.0,0.0,0.0,0.0
53,54,1.0,0.0,1.0,1,0,0.0,0.0,0.0,0.0,1,0.0,0.0,0.0,3.0,0.0,0.0,0.0,0.0,6.0,0.0,0.0,0.0
884,54,1.0,0.0,1.0,1,0,0.0,0.0,0.0,0.0,1,3.0,0.0,0.0,0.0,0.0,0.0,0.0,0.0,0.0,0.0,0.0,0.0
353,54,1.0,0.0,1.0,1,0,0.0,0.0,0.0,0.0,1,0.0,0.0,0.0,2.0,0.0,0.0,0.0,0.0,0.0,2.0,0.0,0.0
646,54,1.0,0.0,1.0,1,0,0.0,0.0,0.0,0.0,1,0.0,0.0,1.0,2.0,0.0,0.0,0.0,0.0,4.0,0.0,0.0,0.0
885,55,0.0,0.0,0.0,1,0,0.0,1.0,1.0,0.0,1,0.0,1.0,0.0,1.0,0.0,0.0,0.0,0.0,0.0,0.0,0.0,0.0
54,55,0.0,0.0,0.0,1,0,0.0,1.0,1.0,0.0,1,0.0,0.0,0.0,0.0,0.0,3.0,0.0,0.0,0.0,0.0,0.0,0.0
354,55,0.0,0.0,0.0,1,0,0.0,1.0,1.0,0.0,1,0.0,0.0,0.0,3.0,0.0,0.0,0.0,0.0,0.0,0.0,0.0,0.0
647,55,0.0,0.0,0.0,1,0,0.0,1.0,1.0,0.0,1,0.0,0.0,2.0,2.0,0.0,1.0,0.0,0.0,0.0,0.0,0.0,2.0
55,56,1.0,0.0,0.0,1,0,1.0,0.0,1.0,1.0,1,5.0,2.0,0.0,3.0,0.0,0.0,0.0,2.0,0.0,0.0,0.0,0.0
648,56,1.0,0.0,0.0,1,0,1.0,0.0,1.0,1.0,1,3.0,5.0,0.0,2.0,2.0,0.0,0.0,0.0,0.0,0.0,0.0,0.0
355,56,1.0,0.0,0.0,1,0,1.0,0.0,1.0,1.0,1,0.0,1.0,0.0,3.0,2.0,0.0,0.0,0.0,0.0,0.0,0.0,0.0
56,57,1.0,0.0,0.0,1,0,1.0,0.0,0.0,1.0,1,4.0,0.0,0.0,2.0,0.0,0.0,0.0,0.0,0.0,0.0,0.0,0.0
886,57,1.0,0.0,0.0,1,0,1.0,0.0,0.0,1.0,1,0.0,0.0,0.0,2.0,0.0,0.0,0.0,0.0,0.0,0.0,0.0,0.0
356,57,1.0,0.0,0.0,1,0,1.0,0.0,0.0,1.0,1,0.0,0.0,0.0,2.0,0.0,0.0,0.0,0.0,0.0,0.0,0.0,0.0
649,57,1.0,0.0,0.0,1,0,1.0,0.0,0.0,1.0,1,2.0,0.0,0.0,3.0,0.0,0.0,0.0,0.0,0.0,0.0,0.0,0.0
357,58,1.0,0.0,1.0,1,0,0.0,1.0,0.0,0.0,2,0.0,0.0,5.0,0.0,0.0,0.0,0.0,0.0,0.0,0.0,0.0,0.0
57,58,1.0,0.0,1.0,1,0,0.0,1.0,0.0,0.0,2,0.0,0.0,5.0,5.0,0.0,0.0,0.0,0.0,0.0,0.0,0.0,0.0
58,59,1.0,0.0,0.0,1,0,1.0,0.0,1.0,0.0,2,0.0,0.0,0.0,0.0,0.0,2.0,0.0,0.0,0.0,0.0,0.0,0.0
358,59,1.0,0.0,0.0,1,0,1.0,0.0,1.0,0.0,2,4.0,0.0,0.0,0.0,0.0,0.0,0.0,0.0,0.0,0.0,0.0,0.0
650,60,1.0,0.0,0.0,1,0,1.0,0.0,0.0,1.0,1,6.0,0.0,0.0,2.0,0.0,0.0,0.0,0.0,0.0,0.0,0.0,0.0
59,60,1.0,0.0,0.0,1,0,1.0,0.0,0.0,1.0,1,6.0,0.0,0.0,0.0,0.0,0.0,0.0,0.0,0.0,0.0,0.0,0.0
359,60,1.0,0.0,0.0,1,0,1.0,0.0,0.0,1.0,1,6.0,0.0,0.0,0.0,0.0,0.0,0.0,0.0,0.0,0.0,0.0,0.0
887,60,1.0,0.0,0.0,1,0,1.0,0.0,0.0,1.0,1,6.0,0.0,0.0,0.0,0.0,0.0,0.0,0.0,0.0,0.0,0.0,0.0
651,61,1.0,0.0,0.0,1,0,1.0,0.0,1.0,1.0,2,0.0,0.0,0.0,2.0,0.0,0.0,1.0,0.0,0.0,0.0,0.0,0.0
60,61,1.0,0.0,0.0,1,0,1.0,0.0,1.0,1.0,2,4.0,0.0,0.0,1.0,1.0,0.0,0.0,0.0,0.0,0.0,0.0,0.0
888,61,1.0,0.0,0.0,1,0,1.0,0.0,1.0,1.0,2,0.0,0.0,0.0,0.0,0.0,0.0,0.0,0.0,0.0,0.0,0.0,0.0
360,61,1.0,0.0,0.0,1,0,1.0,0.0,1.0,1.0,2,3.0,0.0,0.0,4.0,0.0,0.0,0.0,0.0,0.0,0.0,0.0,0.0
652,62,0.0,0.0,1.0,1,0,0.0,0.0,0.0,1.0,1,5.0,0.0,0.0,3.0,0.0,0.0,0.0,5.0,0.0,0.0,0.0,1.0
361,62,0.0,0.0,1.0,1,0,0.0,0.0,0.0,1.0,1,0.0,0.0,0.0,4.0,4.0,4.0,0.0,0.0,0.0,4.0,0.0,2.0
61,62,0.0,0.0,1.0,1,0,0.0,0.0,0.0,1.0,1,5.0,0.0,0.0,3.0,3.0,3.0,0.0,2.0,1.0,3.0,0.0,3.0
362,63,1.0,0.0,0.0,1,0,0.0,0.0,1.0,1.0,4,0.0,0.0,0.0,0.0,0.0,0.0,0.0,0.0,0.0,3.0,0.0,0.0
62,63,1.0,0.0,0.0,1,0,0.0,0.0,1.0,1.0,4,5.0,0.0,0.0,0.0,0.0,0.0,0.0,0.0,0.0,0.0,0.0,0.0
363,64,1.0,0.0,1.0,1,0,1.0,0.0,0.0,1.0,1,6.0,0.0,0.0,1.0,0.0,0.0,1.0,0.0,0.0,0.0,0.0,0.0
889,64,1.0,0.0,1.0,1,0,1.0,0.0,0.0,1.0,1,5.0,0.0,0.0,2.0,0.0,0.0,1.0,0.0,0.0,0.0,0.0,0.0
653,64,1.0,0.0,1.0,1,0,1.0,0.0,0.0,1.0,1,0.0,0.0,0.0,4.0,0.0,0.0,1.0,1.0,0.0,0.0,0.0,1.0
63,64,1.0,0.0,1.0,1,0,1.0,0.0,0.0,1.0,1,5.0,0.0,0.0,1.0,0.0,0.0,1.0,0.0,0.0,0.0,0.0,0.0
364,65,1.0,0.0,1.0,1,0,1.0,0.0,1.0,1.0,2,3.0,2.0,0.0,0.0,2.0,4.0,3.0,0.0,3.0,0.0,0.0,2.0
654,65,1.0,0.0,1.0,1,0,1.0,0.0,1.0,1.0,2,5.0,0.0,0.0,2.0,0.0,1.0,0.0,1.0,0.0,0.0,0.0,1.0
64,65,1.0,0.0,1.0,1,0,1.0,0.0,1.0,1.0,2,0.0,0.0,0.0,0.0,0.0,0.0,0.0,0.0,0.0,2.0,0.0,0.0
890,65,1.0,0.0,1.0,1,0,1.0,0.0,1.0,1.0,2,5.0,0.0,0.0,3.0,3.0,3.0,0.0,0.0,1.0,1.0,0.0,0.0
655,66,1.0,0.0,1.0,1,0,1.0,0.0,1.0,1.0,1,6.0,0.0,0.0,3.0,3.0,1.0,0.0,0.0,0.0,0.0,0.0,0.0
65,66,1.0,0.0,1.0,1,0,1.0,0.0,1.0,1.0,1,0.0,0.0,0.0,4.0,2.0,0.0,0.0,0.0,0.0,0.0,0.0,0.0
891,66,1.0,0.0,1.0,1,0,1.0,0.0,1.0,1.0,1,6.0,1.0,0.0,6.0,2.0,1.0,1.0,0.0,1.0,1.0,0.0,0.0
365,66,1.0,0.0,1.0,1,0,1.0,0.0,1.0,1.0,1,0.0,0.0,0.0,4.0,2.0,0.0,0.0,0.0,0.0,0.0,0.0,0.0
656,67,0.0,0.0,0.0,1,0,0.0,1.0,1.0,0.0,1,0.0,0.0,0.0,3.0,0.0,1.0,0.0,0.0,0.0,0.0,0.0,0.0
892,67,0.0,0.0,0.0,1,0,0.0,1.0,1.0,0.0,1,0.0,0.0,0.0,4.0,0.0,0.0,0.0,1.0,0.0,0.0,0.0,0.0
366,67,0.0,0.0,0.0,1,0,0.0,1.0,1.0,0.0,1,0.0,1.0,0.0,3.0,0.0,0.0,0.0,0.0,0.0,0.0,0.0,0.0
66,67,0.0,0.0,0.0,1,0,0.0,1.0,1.0,0.0,1,0.0,5.0,0.0,5.0,0.0,0.0,0.0,0.0,0.0,0.0,0.0,0.0
657,68,1.0,0.0,0.0,1,0,1.0,0.0,1.0,0.0,3,0.0,3.0,0.0,4.0,0.0,4.0,0.0,0.0,0.0,0.0,0.0,0.0
367,68,1.0,0.0,0.0,1,0,1.0,0.0,1.0,0.0,3,5.0,0.0,0.0,0.0,0.0,0.0,0.0,0.0,0.0,0.0,0.0,0.0
893,68,1.0,0.0,0.0,1,0,1.0,0.0,1.0,0.0,3,0.0,0.0,0.0,2.0,0.0,0.0,0.0,0.0,4.0,0.0,0.0,0.0
67,68,1.0,0.0,0.0,1,0,1.0,0.0,1.0,0.0,3,0.0,0.0,0.0,5.0,0.0,5.0,0.0,0.0,0.0,0.0,0.0,0.0
894,69,1.0,0.0,0.0,1,0,1.0,0.0,1.0,1.0,2,1.0,0.0,1.0,1.0,1.0,0.0,0.0,0.0,0.0,0.0,0.0,0.0
68,69,1.0,0.0,0.0,1,0,1.0,0.0,1.0,1.0,2,5.0,0.0,0.0,0.0,0.0,0.0,0.0,0.0,0.0,0.0,0.0,0.0
658,69,1.0,0.0,0.0,1,0,1.0,0.0,1.0,1.0,2,1.0,0.0,0.0,0.0,0.0,0.0,0.0,0.0,0.0,0.0,0.0,0.0
368,69,1.0,0.0,0.0,1,0,1.0,0.0,1.0,1.0,2,1.0,0.0,0.0,0.0,0.0,0.0,0.0,0.0,0.0,0.0,0.0,0.0
69,70,1.0,0.0,0.0,1,0,1.0,0.0,1.0,1.0,1,5.0,0.0,0.0,1.0,1.0,0.0,0.0,0.0,0.0,1.0,0.0,0.0
369,70,1.0,0.0,0.0,1,0,1.0,0.0,1.0,1.0,1,0.0,0.0,0.0,2.0,0.0,2.0,0.0,0.0,0.0,1.0,0.0,0.0
659,70,1.0,0.0,0.0,1,0,1.0,0.0,1.0,1.0,1,1.0,2.0,0.0,2.0,1.0,0.0,0.0,0.0,0.0,1.0,0.0,1.0
895,70,1.0,0.0,0.0,1,0,1.0,0.0,1.0,1.0,1,0.0,2.0,0.0,3.0,0.0,0.0,0.0,0.0,0.0,0.0,0.0,0.0
370,71,0.0,0.0,1.0,1,0,0.0,0.0,0.0,1.0,1,0.0,0.0,0.0,2.0,0.0,0.0,0.0,0.0,0.0,0.0,0.0,0.0
70,71,0.0,0.0,1.0,1,0,0.0,0.0,0.0,1.0,1,5.0,0.0,0.0,3.0,0.0,0.0,1.0,0.0,0.0,0.0,0.0,0.0
371,72,0.0,0.0,1.0,1,0,1.0,0.0,0.0,1.0,2,0.0,0.0,0.0,0.0,0.0,0.0,0.0,0.0,0.0,0.0,0.0,0.0
660,72,0.0,0.0,1.0,1,0,1.0,0.0,0.0,1.0,2,0.0,0.0,0.0,0.0,0.0,0.0,0.0,0.0,0.0,0.0,0.0,0.0
71,72,0.0,0.0,1.0,1,0,1.0,0.0,0.0,1.0,2,0.0,0.0,0.0,0.0,0.0,0.0,0.0,0.0,0.0,0.0,0.0,0.0
896,72,0.0,0.0,1.0,1,0,1.0,0.0,0.0,1.0,2,0.0,0.0,0.0,0.0,0.0,0.0,0.0,0.0,0.0,3.0,0.0,0.0
72,73,0.0,0.0,1.0,1,0,0.0,0.0,1.0,1.0,2,5.0,5.0,0.0,0.0,0.0,0.0,0.0,0.0,0.0,0.0,0.0,0.0
661,73,0.0,0.0,0.0,1,0,0.0,0.0,1.0,1.0,2,0.0,0.0,0.0,4.0,0.0,0.0,0.0,0.0,1.0,1.0,0.0,0.0
897,73,0.0,0.0,0.0,1,0,0.0,0.0,1.0,1.0,2,3.0,0.0,0.0,3.0,0.0,0.0,0.0,0.0,0.0,3.0,0.0,0.0
372,73,0.0,0.0,1.0,1,0,0.0,0.0,1.0,1.0,2,4.0,3.0,0.0,3.0,0.0,0.0,0.0,0.0,0.0,0.0,0.0,3.0
662,74,0.0,0.0,1.0,1,0,1.0,0.0,0.0,1.0,1,5.0,0.0,0.0,3.0,0.0,1.0,0.0,0.0,0.0,0.0,0.0,0.0
898,74,0.0,0.0,1.0,1,0,1.0,0.0,0.0,1.0,1,5.0,0.0,1.0,3.0,2.0,3.0,0.0,0.0,2.0,0.0,0.0,2.0
373,74,0.0,0.0,1.0,1,0,1.0,0.0,0.0,1.0,1,1.0,0.0,0.0,0.0,0.0,0.0,0.0,0.0,0.0,0.0,0.0,0.0
73,74,0.0,0.0,1.0,1,0,1.0,0.0,0.0,1.0,1,5.0,0.0,0.0,1.0,0.0,1.0,0.0,0.0,0.0,0.0,0.0,1.0
74,75,1.0,0.0,1.0,1,0,0.0,0.0,0.0,1.0,1,0.0,0.0,1.0,7.0,0.0,0.0,0.0,3.0,0.0,0.0,0.0,1.0
663,75,1.0,0.0,1.0,1,0,0.0,0.0,0.0,1.0,1,5.0,0.0,1.0,5.0,0.0,0.0,0.0,4.0,0.0,0.0,0.0,1.0
899,75,1.0,0.0,1.0,1,0,0.0,0.0,0.0,1.0,1,5.0,0.0,1.0,5.0,0.0,0.0,0.0,2.0,0.0,0.0,0.0,0.0
374,75,1.0,0.0,1.0,1,0,0.0,0.0,0.0,1.0,1,0.0,0.0,2.0,7.0,0.0,0.0,0.0,0.0,0.0,0.0,0.0,0.0
75,76,1.0,0.0,1.0,1,0,1.0,0.0,1.0,1.0,1,3.0,0.0,0.0,2.0,0.0,0.0,0.0,0.0,0.0,0.0,0.0,0.0
375,76,1.0,0.0,1.0,1,0,1.0,0.0,1.0,1.0,1,0.0,0.0,0.0,3.0,0.0,0.0,0.0,0.0,0.0,0.0,0.0,0.0
900,76,1.0,0.0,1.0,1,0,1.0,0.0,1.0,1.0,1,2.0,0.0,0.0,0.0,0.0,0.0,0.0,0.0,0.0,0.0,0.0,0.0
664,76,1.0,0.0,1.0,1,0,1.0,0.0,1.0,1.0,1,6.0,0.0,1.0,3.0,0.0,0.0,0.0,0.0,0.0,0.0,0.0,0.0
76,77,0.0,0.0,1.0,1,0,1.0,0.0,0.0,1.0,1,1.0,0.0,0.0,0.0,0.0,0.0,0.0,0.0,0.0,0.0,0.0,0.0
376,77,0.0,0.0,1.0,1,0,1.0,0.0,0.0,1.0,1,1.0,0.0,0.0,0.0,0.0,0.0,0.0,0.0,0.0,0.0,0.0,0.0
665,77,0.0,0.0,1.0,1,0,1.0,0.0,0.0,1.0,1,6.0,0.0,0.0,0.0,0.0,0.0,0.0,0.0,0.0,0.0,0.0,0.0
377,78,1.0,0.0,0.0,1,0,1.0,0.0,1.0,1.0,3,0.0,0.0,0.0,0.0,0.0,4.0,0.0,0.0,4.0,0.0,0.0,0.0
77,78,1.0,0.0,0.0,1,0,1.0,0.0,1.0,1.0,3,0.0,0.0,0.0,0.0,0.0,0.0,0.0,4.0,0.0,0.0,0.0,0.0
901,78,1.0,0.0,0.0,1,0,1.0,0.0,1.0,1.0,3,0.0,0.0,0.0,5.0,0.0,0.0,0.0,0.0,0.0,0.0,0.0,0.0
666,78,1.0,0.0,0.0,1,0,1.0,0.0,1.0,1.0,3,0.0,0.0,0.0,0.0,0.0,0.0,0.0,0.0,0.0,0.0,0.0,0.0
78,79,1.0,0.0,1.0,1,0,1.0,0.0,1.0,1.0,1,5.0,0.0,0.0,1.0,0.0,0.0,0.0,0.0,0.0,0.0,0.0,0.0
902,79,1.0,0.0,0.0,1,0,1.0,0.0,1.0,1.0,1,2.0,0.0,0.0,0.0,0.0,0.0,0.0,0.0,0.0,0.0,0.0,0.0
378,79,1.0,0.0,1.0,1,0,1.0,0.0,1.0,1.0,1,1.0,0.0,0.0,0.0,0.0,0.0,0.0,0.0,0.0,0.0,0.0,0.0
667,79,1.0,0.0,0.0,1,0,1.0,0.0,1.0,1.0,1,0.0,0.0,0.0,0.0,0.0,3.0,0.0,0.0,0.0,0.0,0.0,0.0
668,80,1.0,0.0,1.0,1,0,1.0,0.0,0.0,1.0,1,5.0,0.0,0.0,1.0,3.0,0.0,0.0,0.0,0.0,0.0,0.0,1.0
379,80,1.0,0.0,1.0,1,0,1.0,0.0,0.0,1.0,1,5.0,0.0,0.0,2.0,5.0,0.0,0.0,0.0,0.0,0.0,0.0,1.0
903,80,1.0,0.0,1.0,1,0,1.0,0.0,0.0,1.0,1,5.0,0.0,0.0,0.0,0.0,0.0,0.0,0.0,0.0,0.0,0.0,0.0
79,80,1.0,0.0,1.0,1,0,1.0,0.0,0.0,1.0,1,5.0,0.0,0.0,2.0,4.0,0.0,0.0,0.0,0.0,0.0,0.0,0.0
669,81,1.0,0.0,0.0,1,0,1.0,0.0,1.0,1.0,2,5.0,0.0,0.0,0.0,0.0,0.0,0.0,0.0,0.0,0.0,0.0,0.0
904,81,1.0,0.0,0.0,1,0,1.0,0.0,1.0,1.0,2,7.0,0.0,0.0,0.0,0.0,0.0,0.0,0.0,0.0,0.0,0.0,0.0
80,81,1.0,0.0,0.0,1,0,1.0,0.0,1.0,1.0,2,5.0,0.0,0.0,0.0,0.0,0.0,0.0,0.0,0.0,0.0,0.0,0.0
380,81,1.0,0.0,0.0,1,0,1.0,0.0,1.0,1.0,2,5.0,0.0,0.0,0.0,0.0,0.0,0.0,0.0,0.0,0.0,0.0,0.0
81,82,0.0,1.0,0.0,1,0,0.0,0.0,1.0,1.0,1,3.0,0.0,0.0,3.0,0.0,2.0,0.0,0.0,0.0,0.0,0.0,0.0
905,82,0.0,1.0,0.0,1,0,0.0,0.0,1.0,1.0,1,5.0,0.0,0.0,4.0,0.0,0.0,0.0,0.0,0.0,0.0,0.0,0.0
670,82,0.0,1.0,0.0,1,0,0.0,0.0,1.0,1.0,1,5.0,0.0,0.0,5.0,0.0,0.0,0.0,0.0,0.0,1.0,0.0,0.0
381,82,0.0,1.0,0.0,1,0,0.0,0.0,1.0,1.0,1,2.0,0.0,0.0,4.0,0.0,0.0,0.0,0.0,0.0,0.0,0.0,0.0
671,83,1.0,1.0,0.0,1,0,0.0,0.0,1.0,1.0,1,4.0,1.0,0.0,2.0,0.0,0.0,1.0,0.0,0.0,0.0,0.0,0.0
906,83,1.0,1.0,0.0,1,0,0.0,0.0,1.0,1.0,1,5.0,1.0,0.0,2.0,0.0,0.0,1.0,1.0,0.0,0.0,0.0,1.0
82,83,1.0,1.0,0.0,1,0,0.0,0.0,1.0,1.0,1,5.0,1.0,0.0,2.0,0.0,0.0,0.0,0.0,0.0,0.0,0.0,1.0
382,83,1.0,1.0,0.0,1,0,0.0,0.0,1.0,1.0,1,2.0,0.0,0.0,0.0,0.0,0.0,0.0,0.0,0.0,0.0,0.0,0.0
907,84,0.0,0.0,0.0,1,0,1.0,0.0,0.0,1.0,1,0.0,0.0,0.0,4.0,0.0,1.0,0.0,0.0,0.0,7.0,0.0,1.0
83,84,0.0,0.0,0.0,1,0,1.0,0.0,0.0,1.0,1,5.0,0.0,0.0,3.0,0.0,0.0,0.0,2.0,0.0,0.0,0.0,1.0
383,84,0.0,0.0,0.0,1,0,1.0,0.0,0.0,1.0,1,0.0,0.0,1.0,3.0,0.0,0.0,0.0,0.0,0.0,0.0,0.0,1.0
672,84,0.0,0.0,0.0,1,0,1.0,0.0,0.0,1.0,1,0.0,0.0,0.0,2.0,0.0,1.0,2.0,0.0,0.0,0.0,0.0,0.0
84,85,1.0,0.0,0.0,1,0,1.0,0.0,1.0,1.0,1,5.0,0.0,0.0,2.0,0.0,0.0,0.0,0.0,0.0,4.0,0.0,0.0
673,85,1.0,0.0,0.0,1,0,1.0,0.0,1.0,1.0,1,0.0,0.0,0.0,7.0,0.0,0.0,0.0,0.0,0.0,0.0,0.0,0.0
908,85,1.0,0.0,0.0,1,0,1.0,0.0,1.0,1.0,1,1.0,0.0,0.0,7.0,0.0,0.0,0.0,0.0,3.0,0.0,0.0,0.0
384,85,1.0,0.0,0.0,1,0,1.0,0.0,1.0,1.0,1,0.0,0.0,0.0,7.0,0.0,0.0,0.0,0.0,0.0,0.0,0.0,0.0
909,86,0.0,0.0,1.0,1,0,1.0,0.0,0.0,0.0,1,5.0,0.0,0.0,0.0,0.0,0.0,0.0,0.0,0.0,0.0,0.0,0.0
674,86,0.0,0.0,1.0,1,0,1.0,0.0,0.0,0.0,1,0.0,0.0,0.0,0.0,0.0,0.0,0.0,0.0,0.0,0.0,0.0,1.0
385,86,0.0,0.0,1.0,1,0,1.0,0.0,0.0,0.0,1,4.0,0.0,0.0,0.0,0.0,0.0,0.0,0.0,0.0,0.0,0.0,0.0
85,86,0.0,0.0,1.0,1,0,1.0,0.0,0.0,0.0,1,4.0,0.0,0.0,1.0,0.0,0.0,0.0,0.0,0.0,0.0,0.0,0.0
910,87,0.0,0.0,0.0,1,0,0.0,0.0,1.0,0.0,2,5.0,0.0,0.0,0.0,0.0,0.0,0.0,0.0,0.0,0.0,0.0,0.0
86,87,0.0,0.0,0.0,1,0,0.0,0.0,1.0,0.0,2,1.0,0.0,0.0,0.0,0.0,0.0,0.0,0.0,0.0,0.0,0.0,0.0
386,87,0.0,0.0,0.0,1,0,0.0,0.0,1.0,0.0,2,3.0,0.0,0.0,0.0,0.0,0.0,0.0,0.0,0.0,0.0,0.0,0.0
675,87,0.0,0.0,0.0,1,0,0.0,0.0,1.0,0.0,2,4.0,0.0,0.0,0.0,0.0,0.0,0.0,0.0,0.0,0.0,0.0,0.0
387,88,1.0,0.0,1.0,1,0,1.0,0.0,1.0,1.0,3,5.0,0.0,0.0,0.0,0.0,0.0,0.0,0.0,0.0,0.0,0.0,0.0
911,88,1.0,1.0,1.0,1,0,1.0,0.0,1.0,1.0,3,5.0,0.0,0.0,1.0,0.0,0.0,0.0,0.0,0.0,0.0,0.0,0.0
676,88,1.0,0.0,1.0,1,0,1.0,0.0,1.0,1.0,3,3.0,0.0,0.0,0.0,0.0,4.0,0.0,0.0,0.0,0.0,0.0,0.0
87,88,1.0,0.0,1.0,1,0,1.0,0.0,1.0,1.0,3,5.0,0.0,0.0,0.0,0.0,0.0,0.0,0.0,0.0,0.0,0.0,0.0
912,89,1.0,0.0,0.0,1,0,1.0,0.0,0.0,1.0,1,5.0,0.0,0.0,0.0,0.0,0.0,0.0,0.0,0.0,0.0,0.0,0.0
388,89,1.0,0.0,0.0,1,0,1.0,0.0,0.0,1.0,1,1.0,0.0,0.0,0.0,0.0,0.0,0.0,0.0,0.0,0.0,0.0,0.0
677,89,1.0,0.0,0.0,1,0,1.0,0.0,0.0,1.0,1,5.0,0.0,0.0,0.0,0.0,0.0,0.0,0.0,0.0,0.0,0.0,0.0
88,89,1.0,0.0,0.0,1,0,1.0,0.0,0.0,1.0,1,1.0,0.0,0.0,0.0,0.0,0.0,0.0,0.0,0.0,0.0,0.0,0.0
89,90,0.0,0.0,1.0,1,0,0.0,0.0,1.0,1.0,1,2.0,0.0,0.0,2.0,0.0,0.0,0.0,0.0,0.0,0.0,0.0,0.0
678,90,0.0,0.0,1.0,1,0,0.0,0.0,1.0,1.0,1,5.0,0.0,0.0,3.0,0.0,0.0,0.0,0.0,0.0,0.0,0.0,0.0
389,90,0.0,0.0,1.0,1,0,0.0,0.0,1.0,1.0,1,2.0,0.0,0.0,0.0,0.0,0.0,0.0,0.0,0.0,0.0,0.0,0.0
913,90,0.0,0.0,1.0,1,0,0.0,0.0,1.0,1.0,1,5.0,0.0,0.0,0.0,0.0,0.0,0.0,0.0,0.0,0.0,0.0,0.0
90,91,0.0,0.0,0.0,1,0,0.0,0.0,0.0,1.0,1,5.0,0.0,0.0,1.0,0.0,1.0,1.0,0.0,0.0,0.0,0.0,0.0
390,91,0.0,0.0,0.0,1,0,0.0,0.0,0.0,1.0,1,0.0,0.0,0.0,2.0,2.0,2.0,0.0,0.0,0.0,0.0,0.0,0.0
679,91,0.0,0.0,0.0,1,0,0.0,0.0,0.0,1.0,1,5.0,0.0,0.0,0.0,0.0,0.0,0.0,0.0,0.0,0.0,0.0,0.0
914,91,0.0,0.0,0.0,1,0,0.0,0.0,0.0,1.0,1,3.0,0.0,0.0,0.0,0.0,0.0,0.0,0.0,0.0,0.0,0.0,0.0
391,92,0.0,0.0,0.0,1,0,0.0,1.0,1.0,0.0,1,0.0,0.0,1.0,1.0,1.0,0.0,0.0,0.0,0.0,0.0,0.0,0.0
680,92,0.0,0.0,0.0,1,0,0.0,1.0,1.0,0.0,1,0.0,0.0,0.0,2.0,0.0,0.0,0.0,0.0,0.0,0.0,0.0,0.0
915,92,0.0,0.0,0.0,1,0,0.0,1.0,1.0,0.0,1,0.0,0.0,1.0,2.0,0.0,0.0,0.0,0.0,0.0,0.0,0.0,0.0
91,92,0.0,0.0,0.0,1,0,0.0,1.0,1.0,0.0,1,0.0,0.0,0.0,1.0,0.0,0.0,0.0,0.0,0.0,0.0,0.0,0.0
92,93,0.0,0.0,0.0,1,0,0.0,0.0,1.0,1.0,1,0.0,0.0,0.0,1.0,0.0,0.0,0.0,0.0,0.0,0.0,0.0,0.0
392,93,0.0,0.0,0.0,1,0,0.0,0.0,1.0,1.0,1,0.0,0.0,0.0,0.0,0.0,0.0,0.0,0.0,0.0,0.0,0.0,0.0
681,93,0.0,0.0,0.0,1,0,0.0,0.0,1.0,1.0,1,1.0,0.0,0.0,3.0,1.0,0.0,0.0,0.0,0.0,0.0,0.0,0.0
393,94,0.0,0.0,0.0,1,0,1.0,0.0,0.0,1.0,2,3.0,0.0,0.0,0.0,0.0,0.0,0.0,0.0,0.0,0.0,0.0,0.0
682,94,0.0,0.0,0.0,1,0,1.0,0.0,0.0,1.0,2,3.0,0.0,0.0,5.0,0.0,1.0,0.0,0.0,0.0,1.0,0.0,0.0
916,94,0.0,0.0,0.0,1,0,1.0,0.0,0.0,1.0,2,5.0,0.0,0.0,5.0,0.0,2.0,1.0,1.0,0.0,0.0,0.0,0.0
93,94,0.0,0.0,0.0,1,0,1.0,0.0,0.0,1.0,2,3.0,0.0,0.0,3.0,0.0,0.0,0.0,0.0,0.0,0.0,0.0,0.0
394,95,1.0,0.0,0.0,1,0,1.0,0.0,1.0,1.0,1,0.0,0.0,1.0,5.0,0.0,3.0,0.0,0.0,7.0,7.0,0.0,0.0
683,95,1.0,0.0,0.0,1,0,1.0,0.0,1.0,1.0,1,0.0,0.0,1.0,5.0,3.0,0.0,0.0,0.0,0.0,7.0,0.0,0.0
917,95,1.0,0.0,0.0,1,0,1.0,0.0,1.0,1.0,1,0.0,0.0,0.0,5.0,0.0,2.0,0.0,3.0,0.0,6.0,0.0,0.0
94,95,1.0,0.0,0.0,1,0,1.0,0.0,1.0,1.0,1,5.0,0.0,0.0,2.0,0.0,0.0,0.0,0.0,3.0,3.0,0.0,0.0
395,96,0.0,0.0,1.0,1,0,1.0,0.0,0.0,1.0,2,3.0,0.0,0.0,0.0,0.0,0.0,0.0,0.0,0.0,0.0,0.0,0.0
95,96,0.0,0.0,1.0,1,0,1.0,0.0,0.0,1.0,2,0.0,0.0,0.0,0.0,2.0,0.0,0.0,0.0,0.0,0.0,0.0,0.0
396,97,1.0,0.0,1.0,1,0,0.0,0.0,0.0,1.0,1,0.0,0.0,0.0,3.0,1.0,0.0,0.0,0.0,0.0,0.0,0.0,0.0
96,97,1.0,0.0,1.0,1,0,0.0,0.0,0.0,1.0,1,5.0,0.0,0.0,4.0,0.0,0.0,1.0,3.0,4.0,0.0,0.0,0.0
918,98,1.0,0.0,1.0,1,0,0.0,0.0,0.0,0.0,1,0.0,0.0,1.0,1.0,0.0,0.0,0.0,0.0,0.0,0.0,1.0,1.0
684,98,1.0,0.0,1.0,1,0,0.0,0.0,0.0,0.0,1,0.0,0.0,0.0,1.0,0.0,0.0,0.0,0.0,0.0,6.0,0.0,0.0
97,98,1.0,0.0,1.0,1,0,0.0,0.0,0.0,0.0,1,2.0,0.0,0.0,2.0,0.0,0.0,0.0,0.0,0.0,0.0,2.0,0.0
397,98,1.0,0.0,1.0,1,0,0.0,0.0,0.0,0.0,1,0.0,0.0,0.0,0.0,0.0,0.0,0.0,0.0,0.0,7.0,0.0,0.0
398,99,1.0,1.0,0.0,1,0,0.0,1.0,1.0,0.0,1,0.0,0.0,0.0,3.0,0.0,0.0,0.0,0.0,0.0,0.0,0.0,0.0
98,99,1.0,1.0,0.0,1,0,0.0,1.0,1.0,0.0,1,0.0,0.0,0.0,3.0,0.0,0.0,0.0,0.0,0.0,0.0,0.0,0.0
99,100,1.0,0.0,1.0,1,0,1.0,0.0,1.0,0.0,3,0.0,0.0,0.0,0.0,0.0,0.0,0.0,0.0,0.0,0.0,0.0,0.0
399,100,1.0,0.0,1.0,1,0,1.0,0.0,1.0,0.0,3,2.0,0.0,0.0,0.0,0.0,0.0,0.0,0.0,0.0,0.0,0.0,0.0
919,100,1.0,0.0,1.0,1,0,1.0,0.0,1.0,0.0,3,0.0,3.0,2.0,0.0,0.0,0.0,0.0,0.0,0.0,0.0,2.0,0.0
685,100,1.0,0.0,1.0,1,0,1.0,0.0,1.0,0.0,3,0.0,0.0,0.0,2.0,0.0,0.0,0.0,0.0,0.0,0.0,0.0,0.0
400,101,0.0,0.0,1.0,1,0,0.0,0.0,1.0,0.0,2,2.0,0.0,1.0,6.0,3.0,0.0,0.0,0.0,0.0,0.0,0.0,0.0
920,101,0.0,0.0,0.0,1,0,0.0,0.0,1.0,0.0,2,3.0,0.0,0.0,0.0,0.0,0.0,0.0,0.0,0.0,0.0,0.0,0.0
686,101,0.0,0.0,1.0,1,0,0.0,0.0,1.0,0.0,2,0.0,5.0,0.0,2.0,0.0,0.0,0.0,0.0,0.0,0.0,0.0,0.0
100,101,0.0,0.0,1.0,1,0,0.0,0.0,1.0,0.0,2,4.0,0.0,0.0,2.0,0.0,0.0,0.0,0.0,0.0,0.0,0.0,0.0
921,102,1.0,0.0,0.0,1,0,0.0,0.0,1.0,0.0,3,0.0,0.0,0.0,0.0,0.0,0.0,0.0,0.0,0.0,0.0,0.0,0.0
401,102,1.0,0.0,0.0,1,0,0.0,0.0,1.0,1.0,3,0.0,0.0,3.0,0.0,0.0,0.0,0.0,0.0,0.0,0.0,0.0,0.0
687,102,1.0,0.0,0.0,1,0,0.0,0.0,1.0,0.0,3,0.0,0.0,0.0,0.0,0.0,0.0,0.0,0.0,0.0,0.0,0.0,0.0
101,102,1.0,0.0,0.0,1,0,0.0,0.0,1.0,1.0,3,0.0,0.0,0.0,0.0,0.0,0.0,0.0,0.0,2.0,0.0,0.0,0.0
102,103,1.0,0.0,0.0,1,0,0.0,1.0,1.0,0.0,1,0.0,0.0,0.0,1.0,0.0,0.0,0.0,0.0,0.0,0.0,0.0,0.0
402,103,1.0,0.0,0.0,1,0,0.0,1.0,1.0,0.0,1,0.0,0.0,0.0,2.0,1.0,1.0,0.0,0.0,0.0,0.0,0.0,1.0
922,104,1.0,0.0,1.0,1,0,1.0,0.0,0.0,1.0,1,0.0,0.0,0.0,0.0,0.0,0.0,0.0,0.0,0.0,0.0,0.0,0.0
103,104,1.0,0.0,1.0,1,0,1.0,0.0,0.0,1.0,1,2.0,0.0,1.0,1.0,0.0,1.0,1.0,0.0,1.0,1.0,0.0,0.0
403,104,1.0,0.0,1.0,1,0,1.0,0.0,0.0,1.0,1,4.0,0.0,0.0,1.0,0.0,0.0,0.0,0.0,0.0,0.0,0.0,0.0
688,104,1.0,0.0,1.0,1,0,1.0,0.0,0.0,1.0,1,5.0,0.0,0.0,6.0,0.0,0.0,0.0,0.0,0.0,0.0,0.0,0.0
923,105,0.0,0.0,1.0,1,0,0.0,1.0,1.0,0.0,1,0.0,0.0,1.0,4.0,0.0,1.0,1.0,0.0,0.0,0.0,0.0,2.0
104,105,0.0,0.0,1.0,1,0,0.0,1.0,1.0,0.0,1,0.0,0.0,0.0,1.0,0.0,0.0,0.0,0.0,0.0,0.0,0.0,0.0
689,105,0.0,0.0,1.0,1,0,0.0,1.0,1.0,0.0,1,0.0,0.0,0.0,3.0,0.0,1.0,0.0,0.0,3.0,0.0,0.0,1.0
404,105,0.0,0.0,1.0,1,0,0.0,1.0,1.0,0.0,1,0.0,0.0,0.0,2.0,0.0,1.0,0.0,0.0,0.0,0.0,0.0,1.0
405,106,1.0,0.0,1.0,1,0,1.0,0.0,1.0,1.0,3,1.0,0.0,0.0,3.0,0.0,0.0,0.0,0.0,0.0,0.0,0.0,0.0
690,106,1.0,0.0,1.0,1,0,1.0,0.0,1.0,1.0,3,2.0,0.0,0.0,3.0,2.0,0.0,0.0,0.0,0.0,1.0,0.0,0.0
105,106,1.0,0.0,1.0,1,0,1.0,0.0,1.0,1.0,3,5.0,0.0,0.0,3.0,1.0,0.0,0.0,0.0,0.0,1.0,0.0,0.0
691,107,0.0,0.0,0.0,1,0,0.0,1.0,1.0,0.0,2,1.0,2.0,0.0,0.0,0.0,4.0,4.0,0.0,6.0,0.0,0.0,0.0
406,107,0.0,0.0,0.0,1,0,0.0,1.0,1.0,0.0,2,0.0,0.0,0.0,3.0,0.0,0.0,0.0,0.0,0.0,0.0,0.0,0.0
106,107,0.0,0.0,0.0,1,0,0.0,1.0,1.0,0.0,2,0.0,0.0,0.0,5.0,0.0,0.0,0.0,0.0,0.0,0.0,0.0,0.0
692,108,0.0,0.0,0.0,1,0,1.0,0.0,0.0,1.0,1,5.0,0.0,0.0,4.0,0.0,0.0,0.0,0.0,0.0,0.0,0.0,3.0
924,108,0.0,0.0,0.0,1,0,1.0,0.0,0.0,1.0,1,5.0,0.0,0.0,3.0,0.0,0.0,0.0,0.0,0.0,0.0,0.0,2.0
407,108,0.0,0.0,0.0,1,0,1.0,0.0,0.0,1.0,1,3.0,0.0,0.0,3.0,0.0,0.0,0.0,0.0,0.0,0.0,0.0,1.0
107,108,0.0,0.0,0.0,1,0,1.0,0.0,0.0,1.0,1,5.0,0.0,0.0,4.0,0.0,1.0,0.0,0.0,0.0,1.0,0.0,1.0
693,109,1.0,0.0,0.0,1,0,1.0,0.0,0.0,1.0,1,5.0,0.0,0.0,5.0,0.0,0.0,0.0,0.0,0.0,0.0,0.0,1.0
408,109,1.0,0.0,0.0,1,0,1.0,0.0,0.0,1.0,1,3.0,0.0,0.0,3.0,0.0,0.0,0.0,0.0,0.0,0.0,0.0,1.0
108,109,1.0,0.0,0.0,1,0,1.0,0.0,0.0,1.0,1,5.0,0.0,0.0,3.0,1.0,0.0,0.0,0.0,0.0,0.0,0.0,1.0
925,109,1.0,0.0,0.0,1,0,1.0,0.0,0.0,1.0,1,5.0,0.0,0.0,6.0,1.0,1.0,0.0,1.0,0.0,0.0,0.0,1.0
409,110,0.0,0.0,0.0,1,0,0.0,0.0,0.0,1.0,1,0.0,0.0,0.0,2.0,0.0,0.0,0.0,0.0,0.0,4.0,0.0,0.0
109,110,0.0,0.0,0.0,1,0,0.0,0.0,0.0,1.0,1,3.0,0.0,0.0,4.0,0.0,0.0,0.0,0.0,0.0,5.0,0.0,0.0
694,110,0.0,0.0,0.0,1,0,0.0,0.0,0.0,1.0,1,0.0,0.0,0.0,5.0,0.0,0.0,0.0,0.0,0.0,0.0,0.0,0.0
926,110,0.0,0.0,0.0,1,0,0.0,0.0,0.0,1.0,1,0.0,0.0,0.0,3.0,0.0,1.0,0.0,0.0,0.0,3.0,0.0,0.0
695,111,0.0,0.0,0.0,1,0,0.0,0.0,1.0,1.0,1,4.0,0.0,0.0,1.0,1.0,1.0,0.0,0.0,0.0,0.0,0.0,0.0
927,111,0.0,0.0,0.0,1,0,0.0,0.0,1.0,1.0,1,5.0,0.0,1.0,1.0,1.0,1.0,1.0,1.0,0.0,0.0,0.0,1.0
410,111,0.0,0.0,0.0,1,0,0.0,0.0,1.0,1.0,1,7.0,0.0,0.0,7.0,0.0,0.0,0.0,0.0,0.0,0.0,0.0,0.0
110,111,0.0,0.0,0.0,1,0,0.0,0.0,1.0,1.0,1,5.0,0.0,0.0,5.0,1.0,1.0,0.0,0.0,1.0,0.0,0.0,0.0
411,112,0.0,0.0,0.0,1,0,0.0,0.0,0.0,1.0,1,5.0,0.0,0.0,3.0,0.0,0.0,0.0,0.0,0.0,0.0,0.0,0.0
928,112,0.0,0.0,0.0,1,0,0.0,0.0,0.0,1.0,1,5.0,0.0,0.0,5.0,0.0,0.0,0.0,0.0,3.0,0.0,0.0,0.0
111,112,0.0,0.0,0.0,1,0,0.0,0.0,0.0,1.0,1,5.0,0.0,0.0,3.0,0.0,0.0,0.0,0.0,2.0,0.0,0.0,0.0
696,112,0.0,0.0,0.0,1,0,0.0,0.0,0.0,1.0,1,5.0,0.0,0.0,4.0,0.0,1.0,0.0,1.0,1.0,0.0,0.0,0.0
412,113,1.0,0.0,1.0,1,0,0.0,1.0,0.0,0.0,1,0.0,0.0,0.0,4.0,0.0,0.0,0.0,0.0,0.0,0.0,0.0,2.0
112,113,1.0,0.0,1.0,1,0,0.0,1.0,0.0,0.0,1,0.0,0.0,0.0,5.0,0.0,0.0,0.0,0.0,0.0,0.0,0.0,2.0
413,114,0.0,0.0,1.0,1,0,1.0,0.0,1.0,1.0,2,0.0,0.0,0.0,3.0,0.0,0.0,0.0,0.0,0.0,0.0,0.0,0.0
113,114,0.0,0.0,1.0,1,0,1.0,0.0,1.0,1.0,2,0.0,0.0,0.0,3.0,0.0,0.0,0.0,0.0,0.0,0.0,0.0,0.0
697,114,0.0,0.0,1.0,1,0,1.0,0.0,1.0,1.0,2,5.0,0.0,0.0,3.0,0.0,0.0,0.0,0.0,0.0,0.0,0.0,1.0
929,114,0.0,0.0,1.0,1,0,1.0,0.0,1.0,1.0,2,5.0,0.0,0.0,3.0,3.0,0.0,0.0,0.0,1.0,0.0,0.0,1.0
414,115,1.0,0.0,0.0,1,0,1.0,0.0,0.0,0.0,1,5.0,0.0,0.0,0.0,0.0,0.0,0.0,0.0,0.0,0.0,0.0,0.0
114,115,1.0,0.0,0.0,1,0,1.0,0.0,0.0,0.0,1,5.0,0.0,0.0,0.0,0.0,0.0,0.0,0.0,0.0,0.0,0.0,0.0
698,115,1.0,0.0,0.0,1,0,1.0,0.0,0.0,0.0,1,0.0,0.0,0.0,5.0,0.0,0.0,0.0,0.0,0.0,0.0,0.0,0.0
115,116,1.0,0.0,0.0,1,0,1.0,0.0,1.0,1.0,1,5.0,0.0,0.0,2.0,0.0,1.0,0.0,1.0,0.0,0.0,0.0,0.0
415,116,1.0,0.0,0.0,1,0,1.0,0.0,1.0,1.0,1,0.0,0.0,0.0,1.0,0.0,0.0,0.0,0.0,0.0,0.0,0.0,1.0
699,116,1.0,0.0,0.0,1,0,1.0,0.0,1.0,1.0,1,1.0,0.0,0.0,1.0,0.0,0.0,0.0,1.0,0.0,0.0,0.0,0.0
930,116,1.0,0.0,0.0,1,0,1.0,0.0,1.0,1.0,1,0.0,0.0,0.0,2.0,0.0,0.0,0.0,0.0,0.0,0.0,0.0,0.0
116,117,1.0,1.0,0.0,1,0,0.0,1.0,0.0,0.0,1,0.0,0.0,0.0,5.0,0.0,0.0,0.0,0.0,0.0,0.0,0.0,0.0
416,117,1.0,1.0,0.0,1,0,0.0,1.0,0.0,0.0,1,0.0,0.0,1.0,5.0,0.0,0.0,0.0,0.0,0.0,0.0,0.0,0.0
117,118,0.0,0.0,1.0,1,0,1.0,0.0,0.0,0.0,3,0.0,0.0,0.0,0.0,0.0,0.0,0.0,3.0,0.0,0.0,0.0,0.0
700,118,0.0,0.0,1.0,1,0,1.0,0.0,0.0,0.0,3,3.0,0.0,0.0,0.0,0.0,0.0,0.0,0.0,0.0,0.0,0.0,0.0
931,118,0.0,0.0,1.0,1,0,1.0,0.0,0.0,0.0,3,1.0,0.0,0.0,0.0,0.0,0.0,0.0,0.0,0.0,0.0,0.0,0.0
417,118,0.0,0.0,1.0,1,0,1.0,0.0,0.0,0.0,3,0.0,0.0,0.0,0.0,0.0,0.0,0.0,4.0,0.0,0.0,0.0,0.0
418,119,0.0,0.0,0.0,1,0,0.0,1.0,0.0,0.0,1,0.0,0.0,0.0,1.0,0.0,0.0,0.0,0.0,0.0,0.0,0.0,0.0
118,119,0.0,0.0,0.0,1,0,0.0,1.0,0.0,0.0,1,0.0,0.0,0.0,2.0,0.0,0.0,0.0,0.0,0.0,0.0,0.0,0.0
701,119,0.0,0.0,0.0,1,0,0.0,1.0,0.0,0.0,1,0.0,0.0,0.0,0.0,0.0,0.0,0.0,0.0,0.0,0.0,0.0,0.0
932,119,0.0,0.0,0.0,1,0,0.0,1.0,0.0,0.0,1,0.0,0.0,0.0,1.0,0.0,1.0,0.0,1.0,0.0,0.0,0.0,0.0
419,120,1.0,0.0,1.0,1,0,0.0,0.0,0.0,1.0,1,4.0,0.0,0.0,4.0,0.0,0.0,0.0,0.0,0.0,0.0,0.0,0.0
119,120,1.0,0.0,1.0,1,0,0.0,0.0,0.0,1.0,1,4.0,0.0,0.0,4.0,0.0,0.0,0.0,0.0,0.0,0.0,0.0,0.0
702,120,1.0,0.0,1.0,1,0,0.0,0.0,0.0,1.0,1,0.0,0.0,0.0,3.0,3.0,0.0,0.0,0.0,0.0,0.0,0.0,0.0
933,120,1.0,0.0,1.0,1,0,0.0,0.0,0.0,1.0,1,5.0,0.0,0.0,3.0,2.0,0.0,0.0,0.0,0.0,0.0,0.0,0.0
120,121,0.0,0.0,0.0,1,0,0.0,0.0,1.0,1.0,1,4.0,0.0,0.0,2.0,0.0,0.0,2.0,2.0,2.0,0.0,0.0,0.0
420,121,0.0,0.0,0.0,1,0,0.0,0.0,1.0,1.0,1,0.0,0.0,1.0,2.0,0.0,0.0,0.0,0.0,0.0,0.0,0.0,0.0
121,122,0.0,0.0,1.0,1,0,1.0,0.0,1.0,1.0,1,5.0,0.0,0.0,2.0,0.0,0.0,4.0,0.0,0.0,0.0,0.0,0.0
934,122,0.0,0.0,1.0,1,0,1.0,0.0,1.0,1.0,1,5.0,0.0,0.0,0.0,0.0,0.0,3.0,0.0,0.0,0.0,0.0,0.0
703,122,0.0,0.0,1.0,1,0,1.0,0.0,1.0,1.0,1,0.0,0.0,0.0,0.0,0.0,0.0,0.0,0.0,0.0,0.0,0.0,0.0
421,122,0.0,0.0,1.0,1,0,1.0,0.0,1.0,1.0,1,1.0,0.0,0.0,5.0,0.0,0.0,3.0,0.0,0.0,0.0,0.0,0.0
422,123,1.0,0.0,0.0,1,0,0.0,0.0,1.0,0.0,1,0.0,0.0,0.0,5.0,0.0,0.0,0.0,3.0,0.0,6.0,0.0,1.0
122,123,1.0,0.0,0.0,1,0,0.0,0.0,1.0,0.0,1,0.0,0.0,0.0,7.0,0.0,3.0,0.0,4.0,0.0,7.0,3.0,0.0
935,124,0.0,0.0,0.0,1,0,0.0,0.0,0.0,1.0,1,3.0,0.0,1.0,3.0,0.0,3.0,0.0,1.0,0.0,0.0,0.0,3.0
704,124,0.0,0.0,0.0,1,0,0.0,0.0,0.0,1.0,1,2.0,0.0,0.0,2.0,1.0,2.0,0.0,0.0,0.0,0.0,0.0,3.0
123,124,0.0,0.0,0.0,1,0,0.0,0.0,0.0,1.0,1,3.0,0.0,0.0,3.0,0.0,0.0,0.0,0.0,0.0,0.0,0.0,2.0
423,124,0.0,0.0,0.0,1,0,0.0,0.0,0.0,1.0,1,3.0,0.0,0.0,4.0,0.0,1.0,0.0,0.0,0.0,0.0,0.0,3.0
936,125,0.0,0.0,0.0,1,0,1.0,0.0,1.0,1.0,2,5.0,2.0,1.0,3.0,1.0,1.0,0.0,2.0,0.0,7.0,0.0,1.0
424,125,0.0,0.0,0.0,1,0,1.0,0.0,1.0,1.0,2,5.0,0.0,0.0,0.0,0.0,0.0,0.0,0.0,0.0,0.0,0.0,0.0
705,125,0.0,0.0,0.0,1,0,1.0,0.0,1.0,1.0,2,5.0,3.0,1.0,3.0,3.0,0.0,0.0,0.0,0.0,0.0,0.0,1.0
124,125,0.0,0.0,0.0,1,0,1.0,0.0,1.0,1.0,2,5.0,0.0,0.0,0.0,0.0,0.0,0.0,0.0,0.0,0.0,0.0,0.0
425,126,1.0,0.0,0.0,1,0,1.0,0.0,0.0,1.0,1,0.0,0.0,0.0,0.0,0.0,0.0,0.0,0.0,0.0,0.0,0.0,0.0
125,126,1.0,0.0,0.0,1,0,1.0,0.0,0.0,1.0,1,5.0,1.0,0.0,3.0,0.0,0.0,1.0,0.0,0.0,3.0,0.0,0.0
426,127,1.0,0.0,1.0,1,0,0.0,0.0,0.0,1.0,1,0.0,0.0,0.0,2.0,0.0,0.0,0.0,0.0,0.0,0.0,0.0,0.0
937,127,1.0,0.0,0.0,1,0,0.0,0.0,0.0,1.0,1,0.0,0.0,0.0,2.0,1.0,0.0,0.0,0.0,0.0,4.0,0.0,0.0
706,127,1.0,0.0,0.0,1,0,0.0,0.0,0.0,1.0,1,0.0,0.0,0.0,0.0,0.0,0.0,0.0,0.0,0.0,0.0,0.0,0.0
126,127,1.0,0.0,1.0,1,0,0.0,0.0,0.0,1.0,1,4.0,0.0,0.0,6.0,1.0,3.0,0.0,2.0,2.0,4.0,0.0,0.0
427,128,1.0,0.0,0.0,1,0,1.0,0.0,1.0,1.0,2,0.0,0.0,0.0,0.0,0.0,0.0,0.0,0.0,0.0,0.0,0.0,0.0
707,128,1.0,0.0,0.0,1,0,1.0,0.0,1.0,1.0,2,3.0,0.0,0.0,3.0,2.0,0.0,0.0,0.0,0.0,0.0,0.0,0.0
938,128,1.0,0.0,0.0,1,0,1.0,0.0,1.0,1.0,2,4.0,0.0,0.0,2.0,0.0,2.0,0.0,0.0,0.0,0.0,0.0,0.0
127,128,1.0,0.0,0.0,1,0,1.0,0.0,1.0,1.0,2,0.0,0.0,0.0,0.0,0.0,0.0,0.0,0.0,0.0,0.0,0.0,0.0
708,129,1.0,0.0,1.0,1,0,1.0,0.0,0.0,1.0,3,0.0,0.0,0.0,0.0,0.0,0.0,0.0,0.0,0.0,0.0,0.0,0.0
128,129,1.0,0.0,1.0,1,0,1.0,0.0,0.0,1.0,3,0.0,0.0,0.0,0.0,0.0,0.0,0.0,0.0,0.0,0.0,0.0,0.0
939,129,1.0,0.0,1.0,1,0,1.0,0.0,0.0,1.0,3,0.0,0.0,0.0,0.0,2.0,0.0,0.0,0.0,0.0,0.0,0.0,0.0
428,129,1.0,0.0,1.0,1,0,1.0,0.0,0.0,1.0,3,0.0,0.0,3.0,0.0,0.0,0.0,0.0,0.0,0.0,0.0,0.0,0.0
429,130,1.0,0.0,1.0,1,0,1.0,0.0,0.0,1.0,4,5.0,0.0,0.0,0.0,0.0,0.0,0.0,0.0,0.0,0.0,0.0,0.0
709,130,1.0,0.0,1.0,1,0,1.0,0.0,0.0,1.0,4,0.0,0.0,0.0,0.0,0.0,0.0,0.0,0.0,0.0,0.0,0.0,0.0
129,130,1.0,0.0,1.0,1,0,1.0,0.0,0.0,1.0,4,3.0,0.0,0.0,0.0,0.0,0.0,0.0,0.0,0.0,0.0,0.0,0.0
130,131,1.0,0.0,1.0,1,0,1.0,0.0,0.0,1.0,3,7.0,0.0,0.0,0.0,0.0,0.0,0.0,0.0,0.0,0.0,0.0,0.0
430,131,1.0,0.0,1.0,1,0,1.0,0.0,0.0,1.0,3,7.0,0.0,0.0,0.0,0.0,0.0,0.0,0.0,0.0,0.0,0.0,0.0
710,131,1.0,0.0,1.0,1,0,1.0,0.0,0.0,1.0,3,7.0,0.0,0.0,0.0,0.0,0.0,0.0,0.0,0.0,0.0,0.0,0.0
940,131,1.0,0.0,1.0,1,0,1.0,0.0,0.0,1.0,3,7.0,0.0,0.0,0.0,0.0,0.0,0.0,0.0,0.0,0.0,0.0,0.0
131,132,1.0,0.0,1.0,1,0,0.0,0.0,0.0,0.0,1,5.0,0.0,0.0,0.0,0.0,0.0,0.0,0.0,0.0,0.0,0.0,0.0
711,132,1.0,0.0,1.0,1,0,0.0,1.0,0.0,0.0,1,0.0,0.0,0.0,0.0,0.0,0.0,0.0,0.0,0.0,0.0,0.0,0.0
941,132,1.0,0.0,1.0,1,0,0.0,1.0,0.0,0.0,1,0.0,0.0,0.0,0.0,0.0,0.0,0.0,0.0,0.0,0.0,0.0,0.0
431,132,1.0,0.0,1.0,1,0,0.0,0.0,0.0,0.0,1,0.0,0.0,0.0,0.0,0.0,0.0,0.0,0.0,0.0,0.0,0.0,0.0
432,133,1.0,0.0,0.0,1,0,1.0,0.0,1.0,1.0,3,0.0,2.0,0.0,0.0,0.0,0.0,0.0,0.0,0.0,0.0,0.0,0.0
132,133,1.0,0.0,0.0,1,0,1.0,0.0,1.0,1.0,3,3.0,0.0,0.0,0.0,0.0,0.0,0.0,0.0,0.0,0.0,0.0,0.0
433,134,0.0,0.0,1.0,1,0,1.0,0.0,0.0,1.0,2,0.0,0.0,0.0,1.0,0.0,0.0,0.0,0.0,0.0,2.0,0.0,1.0
133,134,0.0,0.0,1.0,1,0,1.0,0.0,0.0,1.0,2,5.0,0.0,0.0,2.0,0.0,1.0,0.0,1.0,0.0,0.0,0.0,1.0
134,135,0.0,0.0,0.0,1,0,1.0,0.0,0.0,1.0,1,5.0,1.0,0.0,2.0,0.0,0.0,0.0,0.0,0.0,0.0,0.0,1.0
434,135,0.0,0.0,0.0,1,0,1.0,0.0,0.0,1.0,1,2.0,0.0,0.0,0.0,0.0,0.0,0.0,0.0,0.0,0.0,0.0,0.0
135,136,1.0,0.0,1.0,1,0,1.0,0.0,0.0,1.0,1,5.0,0.0,0.0,0.0,0.0,0.0,0.0,0.0,0.0,0.0,0.0,0.0
435,136,1.0,0.0,1.0,1,0,1.0,0.0,0.0,1.0,1,3.0,0.0,0.0,0.0,0.0,0.0,0.0,0.0,0.0,0.0,0.0,0.0
136,137,1.0,0.0,1.0,1,0,1.0,0.0,0.0,1.0,1,5.0,0.0,0.0,7.0,0.0,1.0,1.0,2.0,0.0,1.0,1.0,1.0
436,137,1.0,0.0,1.0,1,0,1.0,0.0,0.0,1.0,1,5.0,0.0,0.0,0.0,0.0,0.0,0.0,0.0,0.0,0.0,0.0,0.0
137,138,0.0,0.0,1.0,1,0,0.0,0.0,0.0,0.0,1,0.0,0.0,0.0,2.0,0.0,0.0,0.0,0.0,0.0,0.0,0.0,0.0
942,138,0.0,0.0,1.0,1,0,0.0,0.0,0.0,0.0,1,0.0,0.0,0.0,2.0,0.0,0.0,0.0,0.0,0.0,0.0,0.0,1.0
437,138,0.0,0.0,1.0,1,0,0.0,0.0,0.0,0.0,1,0.0,0.0,0.0,2.0,0.0,0.0,0.0,0.0,0.0,3.0,0.0,1.0
712,138,0.0,0.0,1.0,1,0,0.0,0.0,0.0,0.0,1,0.0,0.0,0.0,3.0,0.0,0.0,0.0,0.0,0.0,0.0,0.0,0.0
713,139,0.0,0.0,0.0,1,0,1.0,0.0,0.0,1.0,1,1.0,0.0,0.0,0.0,0.0,0.0,0.0,0.0,0.0,0.0,0.0,0.0
438,139,0.0,0.0,0.0,1,0,1.0,0.0,0.0,1.0,1,5.0,0.0,0.0,0.0,0.0,0.0,0.0,0.0,0.0,0.0,0.0,0.0
138,139,0.0,0.0,0.0,1,0,1.0,0.0,0.0,1.0,1,3.0,0.0,0.0,0.0,0.0,0.0,0.0,0.0,0.0,0.0,0.0,0.0
943,139,0.0,0.0,0.0,1,0,1.0,0.0,0.0,1.0,1,5.0,0.0,0.0,0.0,0.0,0.0,0.0,0.0,0.0,0.0,0.0,0.0
139,140,0.0,0.0,1.0,1,0,1.0,0.0,0.0,0.0,1,5.0,0.0,0.0,2.0,0.0,1.0,2.0,0.0,0.0,0.0,0.0,0.0
439,140,0.0,0.0,1.0,1,0,1.0,0.0,0.0,0.0,1,5.0,1.0,0.0,2.0,0.0,0.0,0.0,0.0,0.0,0.0,0.0,0.0
140,141,0.0,0.0,1.0,1,0,0.0,1.0,0.0,0.0,1,0.0,5.0,0.0,5.0,0.0,0.0,0.0,0.0,0.0,4.0,0.0,1.0
440,141,0.0,0.0,1.0,1,0,0.0,1.0,0.0,0.0,1,0.0,0.0,0.0,1.0,0.0,0.0,0.0,0.0,0.0,0.0,0.0,0.0
141,142,0.0,0.0,0.0,1,0,0.0,1.0,1.0,0.0,1,0.0,0.0,0.0,3.0,0.0,0.0,0.0,0.0,0.0,0.0,0.0,0.0
714,142,0.0,0.0,0.0,1,0,0.0,1.0,1.0,0.0,1,0.0,0.0,0.0,3.0,0.0,0.0,0.0,1.0,0.0,0.0,0.0,2.0
944,142,0.0,0.0,0.0,1,0,0.0,1.0,1.0,0.0,1,0.0,0.0,0.0,3.0,0.0,1.0,0.0,0.0,0.0,0.0,0.0,0.0
441,142,0.0,0.0,0.0,1,0,0.0,1.0,1.0,0.0,1,0.0,0.0,0.0,3.0,0.0,0.0,0.0,0.0,0.0,0.0,0.0,1.0
715,143,0.0,0.0,0.0,1,0,0.0,1.0,1.0,0.0,2,0.0,0.0,1.0,3.0,0.0,0.0,0.0,0.0,0.0,0.0,0.0,0.0
945,143,0.0,0.0,0.0,1,0,0.0,1.0,1.0,0.0,2,0.0,0.0,2.0,4.0,0.0,2.0,0.0,0.0,0.0,0.0,0.0,0.0
142,143,0.0,0.0,0.0,1,0,0.0,1.0,1.0,0.0,2,0.0,0.0,0.0,0.0,0.0,0.0,0.0,0.0,0.0,0.0,0.0,0.0
442,143,0.0,0.0,0.0,1,0,0.0,1.0,1.0,0.0,2,0.0,0.0,1.0,3.0,1.0,1.0,0.0,0.0,0.0,7.0,0.0,0.0
443,144,1.0,0.0,0.0,1,0,1.0,0.0,0.0,1.0,1,0.0,0.0,0.0,2.0,1.0,1.0,0.0,1.0,0.0,0.0,0.0,1.0
716,144,1.0,0.0,0.0,1,0,1.0,0.0,0.0,1.0,1,1.0,0.0,0.0,1.0,1.0,1.0,0.0,0.0,0.0,0.0,0.0,1.0
946,144,1.0,0.0,0.0,1,0,1.0,0.0,0.0,1.0,1,0.0,0.0,0.0,1.0,0.0,1.0,0.0,0.0,0.0,3.0,0.0,0.0
143,144,1.0,0.0,0.0,1,0,1.0,0.0,0.0,1.0,1,5.0,0.0,0.0,1.0,0.0,1.0,0.0,1.0,0.0,1.0,0.0,1.0
444,145,1.0,0.0,1.0,1,0,1.0,0.0,0.0,1.0,1,5.0,0.0,0.0,2.0,2.0,0.0,0.0,0.0,0.0,0.0,0.0,0.0
717,145,1.0,0.0,1.0,1,0,1.0,0.0,0.0,1.0,1,5.0,0.0,1.0,2.0,2.0,0.0,0.0,0.0,0.0,2.0,0.0,0.0
947,145,1.0,0.0,1.0,1,0,1.0,0.0,0.0,1.0,1,5.0,0.0,0.0,0.0,0.0,2.0,0.0,1.0,0.0,0.0,0.0,0.0
144,145,1.0,0.0,1.0,1,0,1.0,0.0,0.0,1.0,1,5.0,0.0,0.0,3.0,3.0,0.0,1.0,0.0,0.0,0.0,0.0,0.0
948,146,0.0,0.0,0.0,1,0,0.0,0.0,1.0,1.0,1,5.0,1.0,1.0,4.0,1.0,0.0,0.0,1.0,0.0,0.0,0.0,1.0
718,146,0.0,0.0,0.0,1,0,0.0,0.0,1.0,1.0,1,2.0,0.0,2.0,4.0,0.0,0.0,0.0,2.0,0.0,0.0,0.0,1.0
145,146,0.0,0.0,0.0,1,0,0.0,0.0,1.0,1.0,1,4.0,0.0,0.0,5.0,0.0,0.0,0.0,3.0,1.0,0.0,0.0,0.0
445,146,0.0,0.0,0.0,1,0,0.0,0.0,1.0,1.0,1,0.0,0.0,1.0,4.0,0.0,0.0,0.0,0.0,0.0,0.0,0.0,0.0
446,147,0.0,0.0,0.0,1,0,0.0,0.0,1.0,0.0,1,5.0,0.0,0.0,2.0,0.0,0.0,0.0,0.0,0.0,0.0,1.0,0.0
146,147,0.0,0.0,0.0,1,0,0.0,0.0,1.0,0.0,1,5.0,0.0,0.0,0.0,0.0,0.0,0.0,0.0,0.0,0.0,0.0,0.0
719,147,0.0,0.0,0.0,1,0,0.0,0.0,1.0,0.0,1,5.0,0.0,0.0,3.0,0.0,1.0,0.0,0.0,0.0,0.0,0.0,0.0
720,148,0.0,0.0,0.0,1,0,1.0,0.0,0.0,1.0,1,5.0,0.0,0.0,1.0,1.0,0.0,0.0,0.0,0.0,0.0,0.0,0.0
949,148,0.0,0.0,0.0,1,0,1.0,0.0,0.0,1.0,1,5.0,0.0,0.0,2.0,0.0,0.0,0.0,0.0,0.0,0.0,0.0,0.0
147,148,0.0,0.0,0.0,1,0,1.0,0.0,0.0,1.0,1,5.0,0.0,0.0,1.0,0.0,0.0,0.0,0.0,0.0,0.0,0.0,0.0
447,148,0.0,0.0,0.0,1,0,1.0,0.0,0.0,1.0,1,1.0,0.0,0.0,1.0,0.0,0.0,0.0,0.0,0.0,0.0,0.0,0.0
148,149,1.0,0.0,0.0,1,0,1.0,0.0,1.0,1.0,1,5.0,0.0,0.0,3.0,0.0,0.0,0.0,5.0,0.0,5.0,0.0,0.0
950,149,1.0,0.0,0.0,1,0,1.0,0.0,1.0,1.0,1,2.0,0.0,0.0,2.0,0.0,0.0,0.0,0.0,4.0,0.0,1.0,0.0
721,149,1.0,0.0,0.0,1,0,1.0,0.0,1.0,1.0,1,3.0,0.0,0.0,2.0,0.0,0.0,0.0,0.0,2.0,7.0,0.0,0.0
448,149,1.0,0.0,0.0,1,0,1.0,0.0,1.0,1.0,1,0.0,0.0,0.0,3.0,0.0,0.0,0.0,0.0,3.0,7.0,0.0,1.0
951,150,0.0,0.0,0.0,1,0,0.0,0.0,0.0,1.0,1,2.0,0.0,0.0,3.0,0.0,0.0,0.0,0.0,0.0,0.0,0.0,0.0
149,150,0.0,0.0,1.0,1,0,0.0,0.0,0.0,1.0,1,5.0,0.0,0.0,4.0,0.0,1.0,1.0,1.0,2.0,1.0,0.0,0.0
449,150,0.0,0.0,1.0,1,0,0.0,0.0,0.0,1.0,1,0.0,0.0,2.0,3.0,0.0,0.0,0.0,0.0,7.0,0.0,0.0,1.0
722,150,0.0,0.0,1.0,1,0,0.0,0.0,0.0,1.0,1,0.0,0.0,0.0,0.0,0.0,0.0,0.0,0.0,0.0,0.0,0.0,0.0
450,151,1.0,0.0,1.0,1,0,1.0,0.0,0.0,1.0,2,4.0,0.0,0.0,0.0,0.0,0.0,0.0,0.0,0.0,0.0,0.0,0.0
150,151,1.0,0.0,1.0,1,0,1.0,0.0,0.0,1.0,2,5.0,0.0,0.0,0.0,0.0,0.0,1.0,0.0,0.0,0.0,0.0,0.0
451,152,0.0,0.0,0.0,1,0,1.0,0.0,1.0,1.0,3,5.0,2.0,2.0,2.0,0.0,0.0,0.0,0.0,0.0,0.0,0.0,1.0
151,152,0.0,0.0,0.0,1,0,1.0,0.0,1.0,1.0,3,5.0,3.0,2.0,6.0,1.0,2.0,1.0,1.0,1.0,2.0,1.0,1.0
723,152,0.0,0.0,0.0,1,0,1.0,0.0,1.0,1.0,3,4.0,0.0,2.0,3.0,1.0,1.0,0.0,0.0,0.0,0.0,0.0,1.0
952,152,0.0,0.0,0.0,1,0,1.0,0.0,1.0,1.0,3,5.0,2.0,1.0,3.0,1.0,2.0,0.0,0.0,0.0,3.0,0.0,0.0
452,153,1.0,0.0,1.0,1,0,0.0,0.0,0.0,0.0,1,0.0,0.0,0.0,1.0,0.0,0.0,0.0,1.0,0.0,0.0,0.0,0.0
724,153,1.0,0.0,1.0,1,0,0.0,0.0,0.0,0.0,1,2.0,0.0,0.0,0.0,0.0,1.0,0.0,0.0,0.0,0.0,0.0,0.0
152,153,1.0,0.0,1.0,1,0,0.0,0.0,0.0,0.0,1,0.0,0.0,0.0,0.0,0.0,0.0,0.0,0.0,0.0,0.0,0.0,0.0
953,153,1.0,0.0,1.0,1,0,0.0,0.0,0.0,0.0,1,1.0,0.0,0.0,0.0,0.0,0.0,0.0,0.0,0.0,0.0,0.0,0.0
453,154,0.0,0.0,0.0,1,0,0.0,0.0,0.0,1.0,1,0.0,0.0,1.0,3.0,0.0,0.0,0.0,2.0,0.0,0.0,0.0,1.0
725,154,0.0,0.0,0.0,1,0,0.0,0.0,0.0,1.0,1,4.0,0.0,2.0,7.0,0.0,0.0,0.0,0.0,0.0,0.0,0.0,0.0
954,154,0.0,0.0,0.0,1,0,0.0,0.0,0.0,1.0,1,5.0,0.0,2.0,6.0,0.0,1.0,0.0,1.0,0.0,0.0,0.0,0.0
153,154,0.0,0.0,0.0,1,0,0.0,0.0,0.0,1.0,1,5.0,0.0,1.0,7.0,0.0,0.0,0.0,1.0,0.0,0.0,0.0,1.0
726,155,0.0,1.0,0.0,1,0,0.0,1.0,0.0,0.0,1,0.0,0.0,0.0,3.0,0.0,0.0,0.0,0.0,0.0,0.0,0.0,0.0
454,155,0.0,1.0,0.0,1,0,0.0,1.0,0.0,0.0,1,0.0,0.0,0.0,3.0,0.0,0.0,0.0,0.0,0.0,0.0,0.0,0.0
154,155,0.0,1.0,0.0,1,0,0.0,1.0,0.0,0.0,1,0.0,0.0,0.0,3.0,0.0,0.0,0.0,0.0,0.0,0.0,0.0,0.0
955,155,0.0,1.0,0.0,1,0,0.0,1.0,0.0,0.0,1,0.0,0.0,0.0,2.0,0.0,0.0,0.0,0.0,0.0,0.0,0.0,0.0
455,156,0.0,0.0,1.0,1,0,0.0,0.0,0.0,1.0,1,0.0,0.0,0.0,3.0,0.0,0.0,0.0,0.0,0.0,0.0,0.0,3.0
956,156,0.0,0.0,1.0,1,0,0.0,0.0,0.0,1.0,1,0.0,0.0,1.0,1.0,1.0,0.0,0.0,0.0,0.0,0.0,0.0,0.0
727,156,0.0,0.0,1.0,1,0,0.0,0.0,0.0,1.0,1,0.0,0.0,0.0,2.0,0.0,0.0,0.0,0.0,0.0,0.0,0.0,1.0
155,156,0.0,0.0,1.0,1,0,0.0,0.0,0.0,1.0,1,5.0,0.0,0.0,4.0,0.0,0.0,0.0,0.0,0.0,0.0,0.0,0.0
728,157,0.0,0.0,0.0,1,0,0.0,1.0,0.0,0.0,1,0.0,0.0,0.0,0.0,0.0,3.0,0.0,0.0,0.0,0.0,0.0,0.0
156,157,0.0,0.0,0.0,1,0,0.0,1.0,0.0,0.0,1,0.0,0.0,0.0,0.0,0.0,0.0,0.0,0.0,0.0,0.0,0.0,0.0
456,157,0.0,0.0,0.0,1,0,0.0,1.0,0.0,0.0,1,0.0,0.0,0.0,3.0,0.0,0.0,0.0,0.0,0.0,0.0,0.0,0.0
957,158,1.0,0.0,0.0,1,0,1.0,0.0,1.0,1.0,2,5.0,0.0,0.0,0.0,0.0,0.0,0.0,0.0,0.0,0.0,0.0,0.0
457,158,1.0,0.0,0.0,1,0,1.0,0.0,1.0,1.0,2,5.0,0.0,0.0,0.0,0.0,0.0,0.0,0.0,0.0,0.0,0.0,0.0
729,158,1.0,0.0,0.0,1,0,1.0,0.0,1.0,1.0,2,6.0,0.0,0.0,0.0,0.0,0.0,0.0,0.0,0.0,0.0,0.0,0.0
157,158,1.0,0.0,0.0,1,0,1.0,0.0,1.0,1.0,2,5.0,0.0,0.0,0.0,0.0,0.0,0.0,0.0,0.0,0.0,0.0,0.0
958,159,0.0,0.0,0.0,1,0,1.0,0.0,1.0,1.0,2,4.0,0.0,0.0,0.0,0.0,0.0,0.0,0.0,0.0,0.0,0.0,0.0
458,159,0.0,0.0,0.0,1,0,1.0,0.0,1.0,1.0,2,4.0,0.0,0.0,0.0,0.0,0.0,0.0,0.0,0.0,0.0,0.0,0.0
730,159,0.0,1.0,0.0,1,0,1.0,0.0,1.0,1.0,2,0.0,0.0,0.0,0.0,0.0,0.0,0.0,0.0,0.0,3.0,0.0,0.0
158,159,0.0,0.0,0.0,1,0,1.0,0.0,1.0,1.0,2,0.0,0.0,0.0,0.0,0.0,3.0,0.0,0.0,0.0,0.0,0.0,0.0
731,160,1.0,0.0,1.0,1,0,1.0,0.0,0.0,1.0,2,0.0,3.0,0.0,3.0,0.0,2.0,3.0,0.0,0.0,3.0,3.0,0.0
459,160,1.0,0.0,1.0,1,0,1.0,0.0,0.0,1.0,2,5.0,2.0,2.0,3.0,0.0,0.0,0.0,0.0,0.0,3.0,0.0,0.0
159,160,1.0,0.0,1.0,1,0,1.0,0.0,0.0,1.0,2,5.0,2.0,2.0,3.0,0.0,0.0,0.0,0.0,0.0,3.0,0.0,1.0
160,161,1.0,0.0,1.0,1,0,1.0,0.0,0.0,1.0,1,5.0,0.0,0.0,0.0,0.0,0.0,0.0,0.0,0.0,0.0,0.0,0.0
460,161,1.0,0.0,1.0,1,0,1.0,0.0,0.0,1.0,1,4.0,0.0,0.0,0.0,0.0,0.0,0.0,0.0,0.0,0.0,0.0,0.0
161,162,1.0,0.0,1.0,1,0,1.0,0.0,0.0,1.0,1,6.0,0.0,0.0,3.0,0.0,3.0,0.0,2.0,0.0,0.0,0.0,0.0
959,162,1.0,0.0,1.0,1,0,1.0,0.0,0.0,1.0,1,6.0,0.0,0.0,1.0,0.0,1.0,0.0,0.0,0.0,0.0,0.0,0.0
461,162,1.0,0.0,1.0,1,0,1.0,0.0,0.0,1.0,1,0.0,0.0,1.0,2.0,0.0,0.0,0.0,0.0,0.0,0.0,0.0,1.0
732,162,1.0,0.0,1.0,1,0,1.0,0.0,0.0,1.0,1,6.0,0.0,0.0,1.0,0.0,0.0,0.0,0.0,0.0,0.0,0.0,0.0
462,163,1.0,0.0,1.0,1,0,0.0,0.0,1.0,1.0,1,2.0,0.0,0.0,0.0,0.0,0.0,0.0,0.0,0.0,0.0,0.0,0.0
733,163,1.0,0.0,1.0,1,0,0.0,0.0,1.0,1.0,1,5.0,0.0,1.0,2.0,0.0,1.0,0.0,0.0,0.0,0.0,0.0,0.0
162,163,1.0,0.0,1.0,1,0,0.0,0.0,1.0,1.0,1,5.0,0.0,0.0,0.0,0.0,0.0,0.0,0.0,0.0,0.0,0.0,0.0
960,163,1.0,0.0,1.0,1,0,0.0,0.0,1.0,1.0,1,6.0,0.0,0.0,1.0,0.0,0.0,0.0,0.0,0.0,0.0,0.0,0.0
463,164,0.0,0.0,1.0,1,0,1.0,0.0,0.0,1.0,1,2.0,0.0,0.0,3.0,0.0,0.0,0.0,0.0,0.0,0.0,0.0,0.0
961,164,0.0,0.0,1.0,1,0,1.0,0.0,0.0,1.0,1,3.0,0.0,0.0,1.0,0.0,0.0,0.0,0.0,0.0,0.0,0.0,0.0
163,164,0.0,0.0,1.0,1,0,1.0,0.0,0.0,1.0,1,5.0,0.0,0.0,2.0,0.0,0.0,1.0,0.0,0.0,1.0,0.0,0.0
734,164,0.0,0.0,1.0,1,0,1.0,0.0,0.0,1.0,1,3.0,0.0,0.0,3.0,0.0,0.0,0.0,0.0,0.0,0.0,0.0,0.0
464,165,1.0,0.0,1.0,1,0,1.0,0.0,0.0,0.0,1,0.0,0.0,1.0,1.0,0.0,0.0,0.0,0.0,0.0,0.0,0.0,0.0
164,165,1.0,0.0,1.0,1,0,1.0,0.0,0.0,0.0,1,0.0,0.0,1.0,1.0,0.0,0.0,0.0,0.0,0.0,0.0,0.0,0.0
165,166,0.0,0.0,1.0,1,0,0.0,0.0,0.0,1.0,1,0.0,0.0,0.0,0.0,0.0,0.0,0.0,0.0,0.0,0.0,0.0,0.0
465,166,0.0,0.0,1.0,1,0,0.0,0.0,0.0,1.0,1,5.0,0.0,1.0,0.0,0.0,0.0,0.0,0.0,0.0,0.0,0.0,0.0
735,166,0.0,0.0,1.0,1,0,0.0,0.0,0.0,1.0,1,5.0,0.0,1.0,0.0,0.0,0.0,0.0,0.0,0.0,0.0,0.0,0.0
962,166,0.0,0.0,1.0,1,0,0.0,0.0,0.0,1.0,1,3.0,0.0,0.0,0.0,0.0,0.0,0.0,0.0,0.0,0.0,0.0,0.0
736,167,0.0,0.0,0.0,1,0,0.0,0.0,0.0,1.0,2,0.0,0.0,0.0,0.0,0.0,0.0,0.0,0.0,0.0,0.0,0.0,0.0
466,167,0.0,0.0,0.0,1,0,1.0,0.0,0.0,1.0,2,0.0,0.0,0.0,0.0,0.0,0.0,0.0,0.0,0.0,0.0,0.0,0.0
166,167,0.0,0.0,0.0,1,0,1.0,0.0,0.0,1.0,2,0.0,0.0,0.0,0.0,0.0,0.0,0.0,0.0,0.0,0.0,0.0,0.0
467,168,0.0,0.0,1.0,1,0,1.0,0.0,0.0,1.0,1,0.0,0.0,0.0,2.0,1.0,0.0,0.0,0.0,0.0,0.0,0.0,0.0
167,168,0.0,0.0,1.0,1,0,1.0,0.0,0.0,1.0,1,5.0,0.0,0.0,4.0,0.0,0.0,0.0,0.0,0.0,0.0,0.0,0.0
963,168,0.0,0.0,0.0,1,0,1.0,0.0,0.0,1.0,1,2.0,0.0,0.0,3.0,0.0,0.0,0.0,1.0,0.0,0.0,0.0,1.0
737,168,0.0,0.0,0.0,1,0,1.0,0.0,0.0,1.0,1,2.0,0.0,0.0,3.0,0.0,0.0,1.0,1.0,0.0,0.0,0.0,0.0
964,169,0.0,0.0,0.0,1,0,1.0,0.0,1.0,1.0,1,5.0,0.0,1.0,1.0,0.0,5.0,0.0,1.0,0.0,0.0,0.0,0.0
738,169,0.0,0.0,0.0,1,0,1.0,0.0,1.0,1.0,1,6.0,0.0,0.0,1.0,0.0,0.0,0.0,0.0,0.0,0.0,0.0,0.0
168,169,0.0,0.0,0.0,1,0,1.0,0.0,1.0,1.0,1,6.0,0.0,0.0,1.0,0.0,0.0,0.0,0.0,0.0,0.0,0.0,0.0
468,169,0.0,0.0,0.0,1,0,1.0,0.0,1.0,1.0,1,3.0,0.0,0.0,3.0,0.0,0.0,0.0,0.0,0.0,0.0,0.0,0.0
469,170,1.0,0.0,1.0,1,0,0.0,0.0,0.0,1.0,1,3.0,0.0,0.0,0.0,0.0,0.0,0.0,0.0,0.0,0.0,0.0,0.0
965,170,1.0,0.0,1.0,1,0,0.0,0.0,0.0,1.0,1,4.0,0.0,0.0,1.0,0.0,0.0,0.0,0.0,0.0,0.0,0.0,0.0
739,170,1.0,0.0,1.0,1,0,0.0,0.0,0.0,1.0,1,4.0,0.0,0.0,0.0,0.0,0.0,0.0,0.0,0.0,0.0,0.0,0.0
169,170,1.0,0.0,1.0,1,0,0.0,0.0,0.0,1.0,1,3.0,0.0,0.0,2.0,0.0,0.0,0.0,0.0,0.0,0.0,0.0,0.0
470,171,0.0,0.0,1.0,1,0,0.0,0.0,0.0,0.0,1,0.0,0.0,0.0,1.0,1.0,0.0,0.0,0.0,0.0,0.0,0.0,0.0
740,171,0.0,0.0,1.0,1,0,0.0,0.0,0.0,0.0,1,3.0,0.0,0.0,1.0,1.0,0.0,0.0,0.0,0.0,0.0,0.0,1.0
170,171,0.0,0.0,1.0,1,0,0.0,0.0,0.0,0.0,1,3.0,0.0,0.0,2.0,1.0,0.0,0.0,0.0,0.0,0.0,0.0,0.0
171,172,1.0,0.0,0.0,1,0,1.0,0.0,0.0,1.0,1,0.0,0.0,0.0,2.0,0.0,0.0,0.0,0.0,0.0,0.0,0.0,0.0
966,172,1.0,0.0,0.0,1,0,1.0,0.0,0.0,1.0,1,7.0,0.0,0.0,0.0,0.0,0.0,0.0,0.0,0.0,0.0,0.0,0.0
741,172,1.0,0.0,0.0,1,0,1.0,0.0,0.0,1.0,1,4.0,0.0,0.0,2.0,2.0,0.0,0.0,0.0,0.0,0.0,0.0,0.0
471,172,1.0,0.0,0.0,1,0,1.0,0.0,0.0,1.0,1,1.0,0.0,0.0,2.0,2.0,0.0,0.0,0.0,0.0,0.0,0.0,0.0
472,173,1.0,0.0,1.0,1,0,0.0,0.0,0.0,1.0,3,0.0,0.0,0.0,3.0,3.0,0.0,0.0,0.0,1.0,0.0,0.0,1.0
172,173,1.0,0.0,1.0,1,0,0.0,0.0,0.0,1.0,3,0.0,0.0,0.0,0.0,0.0,0.0,0.0,0.0,0.0,0.0,0.0,0.0
742,174,1.0,1.0,0.0,1,0,1.0,0.0,1.0,0.0,1,5.0,0.0,0.0,1.0,0.0,1.0,0.0,0.0,0.0,1.0,0.0,1.0
173,174,1.0,1.0,0.0,1,0,1.0,0.0,1.0,0.0,1,5.0,1.0,0.0,1.0,0.0,0.0,0.0,0.0,0.0,0.0,0.0,0.0
473,174,1.0,1.0,0.0,1,0,1.0,0.0,1.0,0.0,1,6.0,0.0,0.0,1.0,0.0,0.0,0.0,0.0,0.0,1.0,0.0,1.0
967,174,1.0,1.0,0.0,1,0,1.0,0.0,1.0,0.0,1,6.0,0.0,0.0,1.0,0.0,0.0,0.0,0.0,0.0,0.0,0.0,0.0
174,175,0.0,0.0,1.0,1,0,1.0,0.0,1.0,0.0,3,3.0,0.0,0.0,0.0,0.0,0.0,0.0,0.0,0.0,0.0,0.0,0.0
743,175,0.0,0.0,1.0,1,0,1.0,0.0,1.0,0.0,3,4.0,0.0,0.0,0.0,0.0,0.0,0.0,0.0,0.0,0.0,0.0,0.0
474,175,0.0,0.0,1.0,1,0,1.0,0.0,1.0,0.0,3,7.0,0.0,0.0,0.0,0.0,0.0,0.0,0.0,0.0,0.0,0.0,0.0
968,175,0.0,0.0,1.0,1,0,1.0,0.0,1.0,0.0,3,1.0,0.0,0.0,0.0,0.0,0.0,0.0,0.0,0.0,0.0,0.0,0.0
175,176,1.0,0.0,1.0,1,0,1.0,0.0,1.0,0.0,2,0.0,0.0,0.0,0.0,0.0,0.0,0.0,0.0,0.0,0.0,0.0,0.0
744,176,1.0,0.0,1.0,1,0,1.0,0.0,1.0,0.0,2,4.0,0.0,0.0,0.0,0.0,0.0,0.0,0.0,0.0,0.0,0.0,0.0
475,176,1.0,0.0,1.0,1,0,1.0,0.0,1.0,0.0,2,0.0,0.0,0.0,0.0,0.0,0.0,0.0,0.0,0.0,0.0,0.0,0.0
969,176,1.0,0.0,1.0,1,0,1.0,0.0,1.0,0.0,2,0.0,2.0,3.0,0.0,0.0,3.0,2.0,0.0,3.0,0.0,0.0,2.0
176,177,1.0,0.0,1.0,1,0,1.0,0.0,0.0,1.0,1,5.0,0.0,0.0,2.0,0.0,0.0,0.0,0.0,0.0,0.0,0.0,0.0
745,177,1.0,0.0,1.0,1,0,1.0,0.0,0.0,1.0,1,2.0,0.0,0.0,4.0,1.0,1.0,0.0,0.0,0.0,3.0,0.0,0.0
476,177,1.0,0.0,1.0,1,0,1.0,0.0,0.0,1.0,1,0.0,0.0,0.0,3.0,1.0,0.0,0.0,0.0,0.0,0.0,0.0,0.0
177,178,0.0,0.0,1.0,1,0,1.0,0.0,1.0,1.0,3,0.0,4.0,0.0,0.0,0.0,0.0,0.0,0.0,0.0,0.0,0.0,0.0
477,178,0.0,0.0,1.0,1,0,1.0,0.0,1.0,1.0,3,2.0,0.0,0.0,0.0,0.0,0.0,0.0,0.0,0.0,0.0,0.0,0.0
970,178,0.0,0.0,1.0,1,0,1.0,0.0,1.0,1.0,3,5.0,0.0,0.0,2.0,2.0,0.0,0.0,0.0,0.0,0.0,0.0,0.0
746,178,0.0,0.0,1.0,1,0,1.0,0.0,1.0,1.0,3,0.0,0.0,0.0,0.0,3.0,3.0,0.0,0.0,0.0,0.0,0.0,0.0
478,179,1.0,0.0,1.0,1,0,1.0,0.0,0.0,1.0,1,1.0,0.0,0.0,0.0,0.0,0.0,0.0,0.0,0.0,0.0,0.0,0.0
178,179,1.0,0.0,1.0,1,0,1.0,0.0,0.0,1.0,1,1.0,0.0,0.0,0.0,0.0,0.0,0.0,0.0,0.0,0.0,0.0,0.0
747,179,1.0,0.0,1.0,1,0,1.0,0.0,0.0,1.0,1,3.0,0.0,0.0,0.0,0.0,0.0,0.0,0.0,0.0,0.0,0.0,0.0
971,179,1.0,0.0,1.0,1,0,1.0,0.0,0.0,1.0,1,5.0,0.0,0.0,0.0,0.0,0.0,0.0,0.0,0.0,0.0,0.0,0.0
972,180,1.0,0.0,0.0,1,0,1.0,0.0,0.0,1.0,1,4.0,0.0,0.0,1.0,1.0,1.0,0.0,0.0,0.0,0.0,0.0,0.0
479,180,1.0,0.0,0.0,1,0,1.0,0.0,0.0,1.0,1,5.0,0.0,0.0,1.0,1.0,0.0,0.0,0.0,0.0,0.0,0.0,0.0
179,180,1.0,0.0,0.0,1,0,1.0,0.0,0.0,1.0,1,5.0,0.0,0.0,1.0,1.0,1.0,0.0,0.0,0.0,0.0,0.0,0.0
748,180,1.0,0.0,0.0,1,0,1.0,0.0,0.0,1.0,1,5.0,0.0,0.0,1.0,0.0,0.0,0.0,0.0,0.0,0.0,0.0,0.0
749,181,1.0,0.0,1.0,1,0,0.0,0.0,0.0,0.0,2,0.0,0.0,2.0,5.0,0.0,0.0,0.0,0.0,0.0,0.0,0.0,1.0
480,181,1.0,0.0,1.0,1,0,0.0,0.0,0.0,0.0,2,2.0,0.0,1.0,0.0,0.0,0.0,0.0,0.0,0.0,3.0,0.0,0.0
180,181,1.0,0.0,1.0,1,0,0.0,0.0,0.0,0.0,2,7.0,0.0,4.0,7.0,0.0,1.0,0.0,0.0,0.0,7.0,0.0,4.0
973,181,1.0,0.0,1.0,1,0,0.0,0.0,0.0,0.0,2,0.0,0.0,3.0,5.0,1.0,0.0,0.0,0.0,0.0,0.0,0.0,0.0
750,182,0.0,0.0,1.0,1,0,0.0,0.0,1.0,0.0,1,0.0,0.0,0.0,2.0,0.0,1.0,0.0,0.0,1.0,0.0,0.0,0.0
481,182,0.0,0.0,1.0,1,0,0.0,0.0,1.0,0.0,1,0.0,0.0,0.0,1.0,0.0,0.0,0.0,0.0,0.0,0.0,0.0,0.0
974,182,0.0,0.0,1.0,1,0,0.0,0.0,1.0,0.0,1,0.0,0.0,1.0,2.0,0.0,0.0,0.0,0.0,1.0,0.0,0.0,0.0
181,182,0.0,0.0,1.0,1,0,0.0,0.0,1.0,0.0,1,0.0,0.0,0.0,4.0,2.0,3.0,1.0,2.0,1.0,0.0,1.0,0.0
751,183,1.0,0.0,0.0,1,0,1.0,0.0,1.0,0.0,1,5.0,2.0,0.0,3.0,2.0,0.0,0.0,0.0,0.0,1.0,0.0,1.0
182,183,1.0,0.0,0.0,1,0,1.0,0.0,1.0,0.0,1,5.0,2.0,0.0,2.0,0.0,0.0,2.0,2.0,1.0,1.0,0.0,1.0
482,183,1.0,0.0,0.0,1,0,1.0,0.0,1.0,0.0,1,2.0,2.0,0.0,7.0,1.0,0.0,0.0,0.0,0.0,3.0,0.0,1.0
975,183,1.0,0.0,0.0,1,0,1.0,0.0,1.0,0.0,1,5.0,1.0,0.0,2.0,0.0,2.0,0.0,0.0,0.0,0.0,0.0,2.0
183,184,1.0,0.0,0.0,1,0,1.0,0.0,0.0,1.0,1,5.0,0.0,0.0,1.0,0.0,0.0,0.0,0.0,0.0,0.0,0.0,0.0
483,184,1.0,0.0,0.0,1,0,1.0,0.0,0.0,1.0,1,1.0,0.0,0.0,3.0,0.0,0.0,0.0,0.0,0.0,0.0,0.0,0.0
976,184,1.0,0.0,0.0,1,0,1.0,0.0,0.0,1.0,1,4.0,0.0,0.0,2.0,0.0,0.0,0.0,0.0,0.0,0.0,0.0,0.0
752,184,1.0,0.0,0.0,1,0,1.0,0.0,0.0,1.0,1,5.0,0.0,0.0,1.0,0.0,0.0,0.0,0.0,0.0,0.0,0.0,0.0
484,185,1.0,0.0,0.0,1,0,1.0,0.0,1.0,0.0,3,0.0,4.0,0.0,0.0,0.0,0.0,0.0,0.0,0.0,0.0,0.0,0.0
977,185,1.0,0.0,0.0,1,0,1.0,0.0,1.0,0.0,3,0.0,0.0,0.0,0.0,0.0,0.0,0.0,6.0,0.0,0.0,0.0,0.0
753,185,1.0,0.0,0.0,1,0,1.0,0.0,1.0,0.0,3,0.0,0.0,0.0,0.0,0.0,0.0,0.0,0.0,0.0,4.0,0.0,0.0
184,185,1.0,0.0,0.0,1,0,1.0,0.0,1.0,0.0,3,0.0,0.0,0.0,0.0,0.0,4.0,0.0,0.0,0.0,0.0,0.0,0.0
485,186,1.0,0.0,1.0,1,0,0.0,0.0,0.0,1.0,2,0.0,0.0,1.0,2.0,0.0,0.0,0.0,0.0,0.0,4.0,0.0,0.0
978,186,1.0,0.0,1.0,1,0,0.0,0.0,0.0,1.0,2,5.0,0.0,1.0,1.0,1.0,0.0,0.0,5.0,0.0,1.0,0.0,0.0
754,186,1.0,0.0,1.0,1,0,0.0,0.0,0.0,1.0,2,4.0,0.0,1.0,2.0,1.0,0.0,0.0,4.0,0.0,0.0,0.0,0.0
185,186,1.0,0.0,1.0,1,0,0.0,0.0,0.0,1.0,2,5.0,0.0,1.0,2.0,2.0,0.0,0.0,3.0,0.0,2.0,0.0,0.0
186,187,0.0,0.0,1.0,1,0,0.0,0.0,0.0,1.0,1,5.0,0.0,0.0,2.0,0.0,1.0,1.0,1.0,0.0,0.0,0.0,2.0
755,187,0.0,0.0,1.0,1,0,0.0,0.0,0.0,1.0,1,5.0,0.0,0.0,3.0,0.0,2.0,2.0,0.0,0.0,0.0,0.0,2.0
486,187,0.0,0.0,1.0,1,0,0.0,0.0,0.0,1.0,1,0.0,0.0,0.0,3.0,0.0,0.0,0.0,0.0,0.0,0.0,0.0,2.0
979,188,0.0,0.0,1.0,1,0,1.0,0.0,1.0,0.0,3,0.0,2.0,0.0,0.0,0.0,0.0,0.0,0.0,0.0,0.0,0.0,0.0
756,188,0.0,0.0,1.0,1,0,1.0,0.0,1.0,0.0,3,0.0,4.0,0.0,0.0,0.0,0.0,0.0,0.0,0.0,0.0,0.0,0.0
487,188,0.0,0.0,1.0,1,0,1.0,0.0,1.0,0.0,3,0.0,0.0,0.0,0.0,0.0,0.0,3.0,0.0,0.0,0.0,0.0,0.0
187,188,0.0,0.0,1.0,1,0,1.0,0.0,1.0,0.0,3,0.0,0.0,0.0,0.0,0.0,0.0,0.0,0.0,3.0,0.0,0.0,0.0
980,189,0.0,0.0,1.0,1,0,1.0,0.0,0.0,1.0,1,1.0,0.0,1.0,7.0,0.0,2.0,2.0,0.0,7.0,0.0,0.0,2.0
488,189,0.0,0.0,1.0,1,0,1.0,0.0,0.0,1.0,1,0.0,0.0,0.0,6.0,1.0,0.0,0.0,0.0,0.0,0.0,0.0,0.0
188,189,0.0,0.0,1.0,1,0,1.0,0.0,0.0,1.0,1,4.0,0.0,0.0,2.0,0.0,0.0,1.0,0.0,0.0,0.0,0.0,0.0
757,189,0.0,0.0,1.0,1,0,1.0,0.0,0.0,1.0,1,0.0,0.0,1.0,5.0,2.0,0.0,1.0,2.0,0.0,0.0,0.0,1.0
489,190,1.0,0.0,1.0,1,0,0.0,1.0,0.0,0.0,2,0.0,0.0,1.0,0.0,0.0,0.0,0.0,0.0,0.0,0.0,0.0,0.0
189,190,1.0,0.0,1.0,1,0,0.0,1.0,0.0,0.0,2,0.0,0.0,0.0,5.0,0.0,0.0,0.0,0.0,0.0,0.0,0.0,0.0
758,191,1.0,0.0,1.0,1,0,1.0,0.0,0.0,1.0,1,1.0,0.0,0.0,2.0,0.0,0.0,0.0,0.0,0.0,0.0,0.0,0.0
190,191,1.0,0.0,1.0,1,0,1.0,0.0,0.0,1.0,1,5.0,0.0,0.0,1.0,0.0,0.0,1.0,0.0,0.0,7.0,0.0,0.0
490,191,1.0,0.0,1.0,1,0,1.0,0.0,0.0,1.0,1,0.0,0.0,0.0,5.0,0.0,0.0,0.0,0.0,0.0,0.0,0.0,0.0
491,192,0.0,0.0,1.0,1,0,1.0,0.0,1.0,1.0,1,5.0,0.0,0.0,5.0,4.0,4.0,4.0,4.0,4.0,4.0,4.0,0.0
981,192,0.0,0.0,1.0,1,0,1.0,0.0,1.0,1.0,1,5.0,0.0,1.0,7.0,5.0,7.0,3.0,3.0,0.0,7.0,0.0,1.0
759,192,0.0,0.0,1.0,1,0,1.0,0.0,1.0,1.0,1,5.0,0.0,0.0,0.0,0.0,0.0,0.0,0.0,0.0,0.0,0.0,0.0
191,192,0.0,0.0,1.0,1,0,1.0,0.0,1.0,1.0,1,0.0,0.0,0.0,0.0,0.0,0.0,7.0,0.0,0.0,0.0,0.0,0.0
760,193,1.0,0.0,0.0,1,0,0.0,0.0,1.0,1.0,1,1.0,0.0,0.0,3.0,2.0,2.0,1.0,1.0,3.0,2.0,0.0,0.0
492,193,1.0,0.0,0.0,1,0,0.0,0.0,1.0,1.0,1,0.0,0.0,0.0,4.0,5.0,0.0,0.0,0.0,7.0,5.0,0.0,0.0
192,193,1.0,0.0,0.0,1,0,0.0,0.0,1.0,1.0,1,5.0,0.0,0.0,4.0,0.0,0.0,1.0,0.0,2.0,2.0,0.0,0.0
982,193,1.0,0.0,0.0,1,0,0.0,0.0,1.0,1.0,1,1.0,0.0,1.0,3.0,2.0,3.0,1.0,0.0,2.0,0.0,0.0,0.0
983,194,1.0,0.0,1.0,1,0,1.0,0.0,1.0,1.0,1,0.0,0.0,0.0,2.0,0.0,0.0,0.0,0.0,0.0,0.0,0.0,0.0
493,194,1.0,0.0,1.0,1,0,1.0,0.0,1.0,1.0,1,0.0,0.0,0.0,4.0,0.0,2.0,0.0,0.0,0.0,0.0,0.0,0.0
761,194,1.0,0.0,1.0,1,0,1.0,0.0,1.0,1.0,1,0.0,0.0,0.0,1.0,0.0,1.0,0.0,0.0,0.0,5.0,0.0,0.0
193,194,1.0,0.0,1.0,1,0,1.0,0.0,1.0,1.0,1,5.0,0.0,0.0,1.0,0.0,0.0,0.0,0.0,0.0,0.0,0.0,0.0
194,195,1.0,1.0,0.0,1,0,0.0,1.0,0.0,0.0,1,0.0,0.0,1.0,3.0,0.0,1.0,0.0,1.0,7.0,7.0,0.0,1.0
494,195,1.0,1.0,0.0,1,0,0.0,1.0,0.0,0.0,1,0.0,0.0,0.0,2.0,0.0,0.0,0.0,0.0,7.0,7.0,0.0,0.0
762,196,1.0,0.0,0.0,1,0,1.0,0.0,0.0,1.0,1,5.0,0.0,0.0,1.0,0.0,0.0,0.0,0.0,0.0,0.0,0.0,0.0
495,196,1.0,0.0,0.0,1,0,1.0,0.0,0.0,1.0,1,5.0,0.0,0.0,2.0,0.0,0.0,0.0,0.0,0.0,0.0,0.0,0.0
984,196,1.0,0.0,0.0,1,0,1.0,0.0,0.0,1.0,1,5.0,0.0,1.0,1.0,5.0,1.0,0.0,0.0,0.0,0.0,0.0,0.0
195,196,1.0,0.0,0.0,1,0,1.0,0.0,0.0,1.0,1,5.0,0.0,1.0,2.0,0.0,0.0,0.0,0.0,0.0,0.0,0.0,0.0
196,197,1.0,0.0,0.0,1,0,1.0,0.0,1.0,1.0,3,0.0,0.0,4.0,0.0,0.0,3.0,0.0,4.0,0.0,3.0,0.0,0.0
496,197,1.0,0.0,0.0,1,0,1.0,0.0,1.0,1.0,3,0.0,4.0,0.0,0.0,3.0,0.0,3.0,3.0,0.0,0.0,2.0,0.0
497,198,0.0,0.0,1.0,1,0,0.0,0.0,1.0,1.0,2,3.0,1.0,1.0,1.0,0.0,0.0,0.0,0.0,0.0,0.0,0.0,0.0
197,198,0.0,0.0,1.0,1,0,0.0,0.0,1.0,1.0,2,6.0,0.0,1.0,2.0,0.0,0.0,0.0,0.0,0.0,0.0,0.0,0.0
198,199,1.0,0.0,0.0,1,0,1.0,0.0,1.0,0.0,1,5.0,0.0,0.0,0.0,0.0,0.0,0.0,0.0,0.0,0.0,0.0,0.0
763,199,1.0,0.0,0.0,1,0,1.0,0.0,1.0,0.0,1,5.0,0.0,0.0,0.0,0.0,0.0,0.0,0.0,0.0,0.0,0.0,0.0
985,199,1.0,0.0,0.0,1,0,1.0,0.0,1.0,0.0,1,5.0,0.0,0.0,0.0,0.0,0.0,0.0,0.0,0.0,0.0,0.0,0.0
498,199,1.0,0.0,0.0,1,0,1.0,0.0,1.0,0.0,1,3.0,0.0,0.0,2.0,2.0,0.0,0.0,0.0,0.0,0.0,0.0,0.0
199,200,1.0,0.0,1.0,1,0,1.0,0.0,1.0,1.0,4,6.0,0.0,0.0,0.0,0.0,0.0,0.0,0.0,0.0,0.0,0.0,0.0
764,200,1.0,0.0,1.0,1,0,1.0,0.0,1.0,1.0,4,6.0,1.0,0.0,1.0,0.0,0.0,0.0,0.0,0.0,0.0,0.0,0.0
499,200,1.0,0.0,1.0,1,0,1.0,0.0,1.0,1.0,4,6.0,0.0,0.0,0.0,0.0,0.0,0.0,0.0,0.0,0.0,0.0,0.0
986,200,1.0,0.0,1.0,1,0,1.0,0.0,1.0,1.0,4,6.0,0.0,0.0,0.0,0.0,0.0,0.0,0.0,0.0,0.0,0.0,0.0
500,201,1.0,0.0,0.0,1,0,1.0,0.0,1.0,1.0,1,5.0,1.0,1.0,1.0,0.0,0.0,0.0,0.0,0.0,0.0,0.0,0.0
765,201,1.0,0.0,0.0,1,0,1.0,0.0,1.0,1.0,1,1.0,0.0,0.0,0.0,0.0,0.0,0.0,0.0,0.0,0.0,0.0,0.0
200,201,1.0,0.0,0.0,1,0,1.0,0.0,1.0,1.0,1,5.0,0.0,0.0,1.0,0.0,0.0,0.0,5.0,0.0,0.0,0.0,0.0
987,201,1.0,0.0,0.0,1,0,1.0,0.0,1.0,1.0,1,5.0,0.0,0.0,1.0,0.0,1.0,0.0,0.0,0.0,1.0,0.0,0.0
501,202,0.0,0.0,1.0,1,0,0.0,0.0,0.0,1.0,1,1.0,0.0,0.0,3.0,1.0,0.0,0.0,0.0,0.0,3.0,0.0,1.0
201,202,0.0,0.0,1.0,1,0,0.0,0.0,0.0,1.0,1,6.0,0.0,0.0,2.0,0.0,1.0,1.0,1.0,0.0,2.0,0.0,1.0
766,202,0.0,0.0,1.0,1,0,0.0,0.0,0.0,1.0,1,1.0,0.0,0.0,3.0,0.0,0.0,0.0,0.0,0.0,0.0,0.0,2.0
988,202,0.0,0.0,1.0,1,0,0.0,0.0,0.0,1.0,1,4.0,0.0,0.0,2.0,1.0,1.0,0.0,0.0,0.0,0.0,0.0,2.0
202,203,0.0,0.0,0.0,1,0,0.0,0.0,1.0,1.0,2,3.0,0.0,0.0,3.0,0.0,3.0,0.0,0.0,0.0,0.0,0.0,1.0
767,203,0.0,0.0,0.0,1,0,0.0,0.0,1.0,1.0,2,5.0,0.0,0.0,4.0,3.0,4.0,0.0,0.0,0.0,0.0,0.0,0.0
989,203,0.0,0.0,0.0,1,0,0.0,0.0,1.0,1.0,2,3.0,0.0,0.0,4.0,2.0,3.0,0.0,0.0,0.0,0.0,0.0,0.0
502,203,0.0,0.0,0.0,1,0,0.0,0.0,1.0,1.0,2,0.0,0.0,0.0,3.0,3.0,3.0,0.0,0.0,0.0,0.0,0.0,0.0
768,204,0.0,0.0,1.0,1,0,1.0,0.0,1.0,1.0,1,4.0,1.0,0.0,4.0,3.0,0.0,0.0,0.0,0.0,0.0,0.0,1.0
203,204,0.0,0.0,1.0,1,0,1.0,0.0,1.0,1.0,1,3.0,0.0,0.0,3.0,0.0,0.0,0.0,0.0,0.0,0.0,0.0,0.0
503,204,0.0,0.0,1.0,1,0,1.0,0.0,1.0,1.0,1,4.0,0.0,1.0,2.0,1.0,0.0,0.0,0.0,0.0,0.0,0.0,0.0
504,205,0.0,0.0,1.0,1,0,1.0,0.0,0.0,0.0,1,0.0,0.0,1.0,2.0,1.0,0.0,0.0,0.0,0.0,0.0,0.0,0.0
204,205,0.0,0.0,1.0,1,0,1.0,0.0,0.0,0.0,1,0.0,0.0,0.0,3.0,0.0,0.0,1.0,1.0,2.0,0.0,0.0,0.0
769,205,0.0,0.0,1.0,1,0,1.0,0.0,0.0,0.0,1,0.0,0.0,1.0,3.0,0.0,0.0,0.0,2.0,2.0,0.0,0.0,0.0
990,205,0.0,0.0,1.0,1,0,1.0,0.0,0.0,0.0,1,0.0,0.0,0.0,3.0,0.0,1.0,1.0,0.0,1.0,0.0,0.0,0.0
505,206,1.0,0.0,1.0,1,0,1.0,0.0,1.0,1.0,2,0.0,1.0,1.0,1.0,0.0,0.0,0.0,0.0,0.0,0.0,0.0,0.0
205,206,1.0,0.0,1.0,1,0,1.0,0.0,1.0,1.0,2,0.0,2.0,1.0,0.0,0.0,0.0,0.0,0.0,0.0,0.0,0.0,0.0
506,207,1.0,0.0,1.0,1,0,1.0,0.0,1.0,1.0,3,3.0,0.0,0.0,3.0,3.0,0.0,0.0,0.0,5.0,7.0,0.0,0.0
991,207,1.0,0.0,1.0,1,0,1.0,0.0,1.0,1.0,3,5.0,0.0,0.0,1.0,1.0,1.0,1.0,0.0,1.0,0.0,0.0,0.0
206,207,1.0,0.0,1.0,1,0,1.0,0.0,1.0,1.0,3,5.0,0.0,0.0,1.0,0.0,1.0,1.0,0.0,0.0,0.0,0.0,0.0
770,207,1.0,0.0,1.0,1,0,1.0,0.0,1.0,1.0,3,5.0,0.0,0.0,2.0,0.0,1.0,0.0,0.0,0.0,3.0,0.0,0.0
507,208,1.0,0.0,0.0,1,0,0.0,1.0,0.0,0.0,1,0.0,0.0,1.0,4.0,2.0,0.0,0.0,0.0,0.0,0.0,0.0,0.0
207,208,1.0,0.0,0.0,1,0,0.0,1.0,0.0,0.0,1,0.0,0.0,0.0,0.0,0.0,0.0,0.0,0.0,0.0,0.0,0.0,0.0
771,209,1.0,0.0,1.0,1,0,1.0,0.0,1.0,0.0,1,5.0,0.0,0.0,2.0,1.0,0.0,0.0,0.0,0.0,4.0,0.0,1.0
992,209,1.0,0.0,1.0,1,0,1.0,0.0,1.0,0.0,1,5.0,1.0,1.0,2.0,2.0,2.0,0.0,0.0,0.0,0.0,0.0,1.0
508,209,1.0,0.0,1.0,1,0,1.0,0.0,1.0,0.0,1,5.0,0.0,0.0,2.0,1.0,2.0,0.0,0.0,0.0,0.0,0.0,1.0
208,209,1.0,0.0,1.0,1,0,1.0,0.0,1.0,0.0,1,5.0,0.0,0.0,3.0,1.0,0.0,0.0,0.0,0.0,0.0,0.0,0.0
209,210,0.0,1.0,1.0,1,0,0.0,1.0,1.0,0.0,4,0.0,0.0,2.0,2.0,0.0,0.0,0.0,0.0,0.0,0.0,0.0,1.0
993,210,0.0,1.0,1.0,1,0,0.0,1.0,1.0,0.0,4,0.0,0.0,2.0,2.0,0.0,0.0,0.0,0.0,0.0,0.0,0.0,0.0
509,210,0.0,1.0,1.0,1,0,0.0,1.0,1.0,0.0,4,0.0,0.0,3.0,2.0,0.0,0.0,0.0,0.0,0.0,0.0,0.0,0.0
772,210,0.0,1.0,1.0,1,0,0.0,1.0,1.0,0.0,4,0.0,0.0,2.0,2.0,0.0,0.0,1.0,0.0,0.0,0.0,0.0,1.0
773,211,0.0,0.0,1.0,1,0,1.0,0.0,0.0,1.0,1,3.0,0.0,0.0,3.0,2.0,0.0,0.0,0.0,0.0,0.0,0.0,0.0
210,211,0.0,0.0,1.0,1,0,1.0,0.0,0.0,1.0,1,0.0,0.0,0.0,0.0,0.0,4.0,0.0,0.0,0.0,0.0,0.0,0.0
510,211,0.0,0.0,1.0,1,0,1.0,0.0,0.0,1.0,1,0.0,0.0,0.0,0.0,0.0,1.0,0.0,0.0,0.0,0.0,0.0,0.0
994,211,0.0,0.0,1.0,1,0,1.0,0.0,0.0,1.0,1,5.0,0.0,0.0,0.0,0.0,0.0,0.0,0.0,0.0,0.0,0.0,0.0
211,212,1.0,0.0,1.0,1,0,0.0,1.0,0.0,0.0,2,0.0,0.0,0.0,0.0,0.0,0.0,0.0,0.0,0.0,0.0,0.0,0.0
511,212,1.0,0.0,1.0,1,0,0.0,1.0,0.0,0.0,2,0.0,0.0,0.0,0.0,0.0,0.0,0.0,0.0,0.0,0.0,0.0,0.0
995,213,1.0,1.0,1.0,1,0,1.0,0.0,0.0,0.0,1,5.0,0.0,0.0,3.0,0.0,1.0,0.0,0.0,0.0,0.0,0.0,0.0
774,213,1.0,1.0,1.0,1,0,1.0,0.0,0.0,0.0,1,5.0,0.0,0.0,3.0,0.0,0.0,0.0,5.0,0.0,0.0,0.0,0.0
212,213,1.0,0.0,1.0,1,0,1.0,0.0,0.0,0.0,1,5.0,0.0,0.0,5.0,0.0,0.0,0.0,5.0,0.0,0.0,0.0,0.0
512,213,1.0,0.0,1.0,1,0,1.0,0.0,0.0,0.0,1,5.0,0.0,0.0,5.0,0.0,0.0,0.0,4.0,0.0,0.0,0.0,0.0
996,214,1.0,0.0,0.0,1,0,1.0,0.0,0.0,1.0,1,5.0,0.0,1.0,4.0,4.0,4.0,0.0,0.0,0.0,0.0,0.0,0.0
213,214,1.0,0.0,0.0,1,0,1.0,0.0,0.0,1.0,1,5.0,5.0,1.0,3.0,2.0,0.0,0.0,0.0,0.0,0.0,0.0,0.0
775,214,1.0,0.0,0.0,1,0,1.0,0.0,0.0,1.0,1,5.0,0.0,0.0,2.0,0.0,0.0,0.0,0.0,0.0,0.0,0.0,0.0
513,214,1.0,0.0,0.0,1,0,1.0,0.0,0.0,1.0,1,5.0,0.0,0.0,0.0,0.0,0.0,0.0,0.0,0.0,0.0,0.0,0.0
214,215,1.0,0.0,0.0,1,0,1.0,0.0,1.0,1.0,1,5.0,0.0,0.0,0.0,0.0,0.0,0.0,0.0,0.0,0.0,0.0,0.0
514,215,1.0,0.0,0.0,1,0,1.0,0.0,1.0,1.0,1,1.0,0.0,0.0,1.0,3.0,0.0,0.0,0.0,0.0,0.0,0.0,0.0
997,215,1.0,0.0,0.0,1,0,1.0,0.0,1.0,1.0,1,3.0,0.0,0.0,4.0,1.0,0.0,0.0,0.0,1.0,0.0,1.0,0.0
776,215,1.0,0.0,0.0,1,0,1.0,0.0,1.0,1.0,1,3.0,0.0,0.0,2.0,2.0,0.0,0.0,0.0,0.0,0.0,0.0,1.0
215,216,1.0,0.0,0.0,1,0,1.0,0.0,1.0,1.0,1,0.0,0.0,0.0,2.0,0.0,0.0,0.0,0.0,0.0,0.0,0.0,0.0
515,216,1.0,0.0,0.0,1,0,1.0,0.0,1.0,1.0,1,0.0,0.0,0.0,2.0,1.0,0.0,0.0,0.0,0.0,0.0,0.0,0.0
516,217,0.0,0.0,1.0,1,0,1.0,0.0,0.0,1.0,1,0.0,0.0,0.0,3.0,0.0,0.0,0.0,0.0,7.0,0.0,0.0,1.0
216,217,0.0,0.0,1.0,1,0,1.0,0.0,0.0,1.0,1,5.0,0.0,0.0,3.0,0.0,0.0,0.0,0.0,3.0,0.0,0.0,0.0
777,217,0.0,0.0,1.0,1,0,1.0,0.0,0.0,1.0,1,6.0,0.0,0.0,2.0,0.0,0.0,0.0,0.0,0.0,0.0,0.0,0.0
998,217,0.0,0.0,1.0,1,0,1.0,0.0,0.0,1.0,1,5.0,0.0,0.0,1.0,0.0,1.0,0.0,0.0,1.0,0.0,0.0,1.0
517,218,0.0,0.0,0.0,1,0,1.0,0.0,0.0,1.0,1,5.0,0.0,0.0,1.0,0.0,0.0,0.0,0.0,0.0,0.0,0.0,0.0
217,218,0.0,0.0,0.0,1,0,1.0,0.0,0.0,1.0,1,5.0,0.0,0.0,1.0,0.0,0.0,0.0,0.0,0.0,0.0,0.0,0.0
778,218,0.0,0.0,0.0,1,0,1.0,0.0,0.0,1.0,1,5.0,0.0,1.0,2.0,0.0,2.0,0.0,2.0,0.0,0.0,0.0,0.0
218,219,0.0,0.0,1.0,1,0,1.0,0.0,1.0,0.0,1,5.0,1.0,0.0,3.0,1.0,1.0,0.0,0.0,2.0,0.0,0.0,0.0
779,219,0.0,0.0,1.0,1,0,1.0,0.0,1.0,0.0,1,5.0,1.0,1.0,3.0,2.0,1.0,0.0,0.0,0.0,0.0,0.0,0.0
518,219,0.0,0.0,1.0,1,0,1.0,0.0,1.0,0.0,1,3.0,0.0,0.0,3.0,0.0,0.0,0.0,0.0,0.0,0.0,0.0,1.0
999,219,0.0,0.0,1.0,1,0,1.0,0.0,1.0,0.0,1,5.0,1.0,1.0,3.0,1.0,2.0,0.0,0.0,1.0,0.0,0.0,0.0
1000,220,0.0,1.0,1.0,1,0,1.0,0.0,1.0,1.0,1,5.0,0.0,0.0,2.0,0.0,0.0,0.0,0.0,0.0,0.0,0.0,1.0
519,220,0.0,1.0,1.0,1,0,1.0,0.0,1.0,1.0,1,0.0,0.0,0.0,2.0,0.0,1.0,0.0,0.0,1.0,0.0,0.0,0.0
219,220,0.0,1.0,1.0,1,0,1.0,0.0,1.0,1.0,1,0.0,0.0,0.0,0.0,0.0,0.0,0.0,0.0,0.0,0.0,0.0,0.0
780,220,0.0,1.0,1.0,1,0,1.0,0.0,1.0,1.0,1,5.0,0.0,0.0,2.0,0.0,0.0,0.0,0.0,0.0,0.0,0.0,1.0
520,221,0.0,1.0,1.0,1,0,0.0,1.0,0.0,0.0,1,0.0,0.0,0.0,3.0,0.0,0.0,0.0,0.0,0.0,0.0,0.0,1.0
220,221,0.0,1.0,1.0,1,0,0.0,1.0,0.0,0.0,1,0.0,0.0,0.0,0.0,0.0,0.0,0.0,0.0,0.0,3.0,0.0,0.0
781,221,0.0,1.0,1.0,1,0,0.0,1.0,0.0,0.0,1,0.0,0.0,0.0,3.0,0.0,0.0,0.0,0.0,0.0,0.0,0.0,0.0
221,222,1.0,0.0,0.0,1,0,0.0,0.0,1.0,0.0,1,0.0,0.0,0.0,0.0,0.0,0.0,0.0,0.0,0.0,0.0,0.0,0.0
521,222,1.0,0.0,0.0,1,0,0.0,0.0,1.0,0.0,1,7.0,0.0,0.0,0.0,0.0,0.0,0.0,0.0,0.0,0.0,0.0,0.0
782,222,1.0,0.0,0.0,1,0,0.0,0.0,1.0,0.0,1,7.0,0.0,0.0,0.0,0.0,0.0,0.0,0.0,0.0,0.0,0.0,2.0
1001,222,1.0,0.0,0.0,1,0,0.0,0.0,1.0,0.0,1,7.0,0.0,0.0,0.0,0.0,0.0,0.0,0.0,0.0,0.0,0.0,0.0
222,223,0.0,0.0,1.0,1,0,0.0,0.0,0.0,1.0,1,4.0,0.0,0.0,2.0,0.0,0.0,0.0,0.0,2.0,0.0,0.0,0.0
522,223,0.0,0.0,1.0,1,0,0.0,0.0,0.0,1.0,1,0.0,0.0,0.0,1.0,0.0,0.0,0.0,0.0,7.0,0.0,0.0,0.0
1002,223,0.0,0.0,1.0,1,0,0.0,0.0,0.0,1.0,1,4.0,0.0,1.0,1.0,0.0,0.0,0.0,4.0,1.0,0.0,0.0,1.0
783,223,0.0,0.0,1.0,1,0,0.0,0.0,0.0,1.0,1,2.0,0.0,0.0,1.0,0.0,0.0,0.0,0.0,0.0,0.0,0.0,0.0
223,224,0.0,0.0,0.0,1,0,0.0,0.0,0.0,1.0,1,4.0,0.0,0.0,3.0,0.0,1.0,0.0,0.0,0.0,1.0,0.0,0.0
523,224,0.0,0.0,0.0,1,0,0.0,0.0,0.0,1.0,1,3.0,0.0,0.0,3.0,0.0,0.0,0.0,0.0,0.0,1.0,0.0,0.0
1003,224,0.0,0.0,0.0,1,0,0.0,0.0,0.0,1.0,1,3.0,0.0,0.0,5.0,0.0,0.0,0.0,1.0,2.0,0.0,0.0,1.0
784,224,0.0,0.0,0.0,1,0,0.0,0.0,0.0,1.0,1,3.0,0.0,1.0,2.0,0.0,0.0,0.0,0.0,0.0,0.0,0.0,1.0
224,225,0.0,0.0,1.0,1,0,0.0,1.0,1.0,0.0,1,0.0,0.0,0.0,0.0,0.0,0.0,0.0,0.0,0.0,0.0,0.0,0.0
524,225,0.0,0.0,1.0,1,0,0.0,1.0,1.0,0.0,1,0.0,0.0,0.0,2.0,0.0,0.0,0.0,0.0,0.0,0.0,0.0,0.0
1004,226,0.0,1.0,0.0,1,0,0.0,1.0,1.0,0.0,1,0.0,0.0,1.0,2.0,1.0,0.0,0.0,1.0,2.0,0.0,0.0,0.0
525,226,0.0,1.0,0.0,1,0,0.0,1.0,1.0,0.0,1,0.0,0.0,2.0,3.0,0.0,0.0,0.0,0.0,0.0,2.0,0.0,0.0
785,226,0.0,1.0,0.0,1,0,0.0,1.0,1.0,0.0,1,0.0,0.0,1.0,3.0,0.0,0.0,0.0,0.0,0.0,4.0,1.0,1.0
225,226,0.0,1.0,0.0,1,0,0.0,1.0,1.0,0.0,1,0.0,0.0,0.0,5.0,0.0,0.0,0.0,0.0,2.0,0.0,0.0,0.0
526,227,0.0,0.0,0.0,1,0,0.0,1.0,1.0,0.0,2,0.0,1.0,0.0,5.0,0.0,0.0,0.0,0.0,0.0,0.0,0.0,0.0
786,227,0.0,0.0,0.0,1,0,0.0,1.0,1.0,0.0,2,0.0,0.0,0.0,2.0,0.0,0.0,0.0,0.0,4.0,2.0,0.0,0.0
1005,227,0.0,0.0,0.0,1,0,0.0,1.0,1.0,0.0,2,0.0,0.0,0.0,7.0,3.0,0.0,0.0,0.0,4.0,0.0,0.0,0.0
226,227,0.0,0.0,0.0,1,0,0.0,1.0,1.0,0.0,2,0.0,3.0,0.0,0.0,0.0,0.0,0.0,7.0,0.0,0.0,0.0,0.0
527,228,1.0,1.0,1.0,1,0,0.0,1.0,0.0,0.0,1,0.0,0.0,0.0,0.0,0.0,6.0,0.0,0.0,0.0,7.0,0.0,1.0
227,228,1.0,1.0,1.0,1,0,0.0,1.0,0.0,0.0,1,0.0,0.0,0.0,6.0,0.0,0.0,1.0,1.0,1.0,7.0,0.0,1.0
228,229,0.0,0.0,1.0,1,0,0.0,0.0,1.0,1.0,2,0.0,0.0,0.0,0.0,0.0,0.0,0.0,0.0,0.0,0.0,0.0,0.0
787,229,0.0,0.0,1.0,1,0,0.0,0.0,1.0,1.0,2,7.0,0.0,0.0,0.0,0.0,0.0,0.0,0.0,0.0,0.0,0.0,0.0
528,229,0.0,0.0,1.0,1,0,0.0,0.0,1.0,1.0,2,0.0,0.0,0.0,0.0,0.0,0.0,0.0,0.0,0.0,0.0,0.0,0.0
1006,229,0.0,0.0,1.0,1,0,0.0,0.0,1.0,1.0,2,7.0,0.0,0.0,0.0,0.0,0.0,0.0,0.0,0.0,0.0,0.0,0.0
529,230,0.0,1.0,0.0,1,0,0.0,1.0,0.0,0.0,1,0.0,0.0,0.0,0.0,0.0,0.0,0.0,0.0,0.0,0.0,0.0,0.0
229,230,0.0,1.0,0.0,1,0,0.0,1.0,0.0,0.0,1,0.0,0.0,0.0,0.0,0.0,0.0,1.0,1.0,0.0,3.0,1.0,0.0
788,230,0.0,1.0,0.0,1,0,0.0,1.0,0.0,0.0,1,0.0,0.0,1.0,3.0,0.0,0.0,0.0,0.0,0.0,0.0,0.0,0.0
230,231,0.0,0.0,0.0,1,0,1.0,0.0,0.0,1.0,2,0.0,0.0,0.0,1.0,0.0,1.0,0.0,0.0,0.0,0.0,0.0,0.0
530,231,0.0,0.0,0.0,1,0,1.0,0.0,0.0,1.0,2,0.0,0.0,0.0,0.0,0.0,0.0,0.0,0.0,0.0,0.0,0.0,0.0
231,232,1.0,1.0,0.0,1,0,1.0,0.0,0.0,1.0,2,0.0,0.0,0.0,0.0,0.0,0.0,0.0,0.0,0.0,0.0,0.0,0.0
531,232,1.0,1.0,0.0,1,0,1.0,0.0,0.0,1.0,2,0.0,0.0,0.0,0.0,3.0,0.0,0.0,0.0,0.0,0.0,0.0,0.0
1007,232,1.0,1.0,0.0,1,0,1.0,0.0,0.0,1.0,2,2.0,0.0,0.0,2.0,0.0,2.0,1.0,0.0,1.0,0.0,0.0,0.0
789,232,1.0,1.0,0.0,1,0,1.0,0.0,0.0,1.0,2,0.0,0.0,0.0,0.0,2.0,0.0,0.0,0.0,0.0,0.0,0.0,0.0
1008,233,0.0,0.0,0.0,1,0,1.0,0.0,1.0,0.0,1,1.0,0.0,0.0,0.0,0.0,0.0,0.0,0.0,0.0,0.0,0.0,0.0
232,233,0.0,0.0,0.0,1,0,1.0,0.0,1.0,0.0,1,0.0,0.0,0.0,0.0,0.0,0.0,0.0,0.0,0.0,0.0,0.0,4.0
532,233,0.0,0.0,0.0,1,0,1.0,0.0,1.0,0.0,1,0.0,0.0,0.0,0.0,0.0,0.0,0.0,0.0,0.0,0.0,0.0,0.0
790,233,0.0,0.0,0.0,1,0,1.0,0.0,1.0,0.0,1,0.0,0.0,0.0,4.0,0.0,0.0,0.0,0.0,0.0,0.0,0.0,0.0
233,234,1.0,1.0,0.0,1,0,0.0,1.0,1.0,0.0,2,5.0,0.0,0.0,1.0,0.0,0.0,0.0,0.0,0.0,1.0,0.0,0.0
533,234,1.0,1.0,0.0,1,0,0.0,1.0,1.0,0.0,2,0.0,0.0,0.0,7.0,0.0,0.0,0.0,0.0,0.0,7.0,0.0,0.0
234,235,0.0,0.0,0.0,1,0,0.0,1.0,1.0,0.0,1,0.0,0.0,0.0,3.0,0.0,0.0,1.0,0.0,0.0,0.0,0.0,1.0
1009,235,0.0,0.0,0.0,1,0,0.0,1.0,1.0,0.0,1,0.0,1.0,0.0,3.0,0.0,3.0,0.0,0.0,0.0,0.0,0.0,2.0
534,235,0.0,0.0,0.0,1,0,0.0,1.0,1.0,0.0,1,0.0,0.0,0.0,2.0,0.0,0.0,0.0,0.0,0.0,0.0,0.0,0.0
791,235,0.0,0.0,0.0,1,0,0.0,1.0,1.0,0.0,1,0.0,2.0,0.0,2.0,0.0,0.0,1.0,0.0,0.0,0.0,0.0,0.0
535,236,0.0,0.0,0.0,1,0,1.0,0.0,1.0,1.0,2,0.0,0.0,0.0,3.0,0.0,0.0,0.0,0.0,0.0,0.0,0.0,0.0
792,236,0.0,0.0,0.0,1,0,1.0,0.0,1.0,1.0,2,0.0,0.0,0.0,0.0,2.0,0.0,0.0,0.0,0.0,0.0,0.0,0.0
235,236,0.0,0.0,0.0,1,0,1.0,0.0,1.0,1.0,2,0.0,0.0,0.0,0.0,0.0,4.0,0.0,0.0,0.0,0.0,0.0,0.0
1010,236,0.0,0.0,0.0,1,0,1.0,0.0,1.0,1.0,2,0.0,2.0,0.0,0.0,0.0,0.0,0.0,0.0,0.0,0.0,0.0,0.0
793,237,0.0,0.0,1.0,1,0,0.0,1.0,1.0,0.0,1,0.0,0.0,0.0,0.0,0.0,0.0,0.0,0.0,0.0,0.0,0.0,0.0
236,237,0.0,0.0,1.0,1,0,0.0,1.0,1.0,0.0,1,0.0,0.0,0.0,2.0,0.0,0.0,0.0,0.0,0.0,0.0,0.0,0.0
1011,237,0.0,0.0,1.0,1,0,0.0,1.0,1.0,0.0,1,0.0,0.0,0.0,5.0,0.0,0.0,0.0,0.0,0.0,0.0,0.0,5.0
536,237,0.0,0.0,1.0,1,0,0.0,1.0,1.0,0.0,1,0.0,0.0,1.0,1.0,0.0,0.0,0.0,0.0,0.0,0.0,0.0,0.0
237,238,0.0,0.0,0.0,1,0,0.0,0.0,0.0,1.0,1,5.0,0.0,0.0,4.0,0.0,1.0,1.0,0.0,3.0,0.0,0.0,1.0
537,238,0.0,0.0,0.0,1,0,0.0,0.0,0.0,1.0,1,4.0,0.0,0.0,3.0,0.0,0.0,0.0,0.0,0.0,0.0,0.0,0.0
238,239,1.0,1.0,1.0,1,0,0.0,1.0,0.0,0.0,1,0.0,0.0,0.0,3.0,0.0,0.0,0.0,0.0,0.0,7.0,0.0,0.0
538,239,1.0,1.0,1.0,1,0,0.0,1.0,0.0,0.0,1,0.0,0.0,0.0,3.0,0.0,0.0,0.0,0.0,0.0,6.0,0.0,1.0
794,240,1.0,0.0,0.0,1,0,0.0,0.0,0.0,0.0,1,0.0,0.0,0.0,1.0,0.0,0.0,0.0,0.0,0.0,0.0,0.0,1.0
539,240,1.0,0.0,0.0,1,0,0.0,0.0,0.0,0.0,1,0.0,0.0,0.0,4.0,1.0,2.0,0.0,0.0,0.0,0.0,0.0,0.0
1012,240,1.0,0.0,0.0,1,0,0.0,0.0,0.0,0.0,1,0.0,0.0,0.0,1.0,1.0,0.0,0.0,0.0,0.0,0.0,0.0,0.0
239,240,1.0,0.0,0.0,1,0,0.0,0.0,0.0,0.0,1,0.0,0.0,1.0,1.0,1.0,1.0,1.0,1.0,0.0,0.0,0.0,0.0
795,241,0.0,0.0,0.0,1,0,1.0,0.0,1.0,1.0,3,2.0,2.0,0.0,0.0,0.0,0.0,0.0,0.0,0.0,0.0,0.0,0.0
540,241,0.0,0.0,0.0,1,0,1.0,0.0,1.0,1.0,3,0.0,0.0,0.0,0.0,0.0,0.0,0.0,0.0,0.0,0.0,0.0,0.0
240,241,0.0,0.0,0.0,1,0,1.0,0.0,1.0,1.0,3,0.0,0.0,0.0,0.0,0.0,0.0,0.0,0.0,2.0,0.0,0.0,0.0
541,242,0.0,0.0,1.0,1,0,0.0,0.0,0.0,1.0,1,0.0,0.0,0.0,0.0,0.0,0.0,0.0,0.0,0.0,0.0,0.0,0.0
241,242,0.0,0.0,1.0,1,0,0.0,0.0,0.0,1.0,1,4.0,0.0,0.0,1.0,0.0,0.0,0.0,0.0,0.0,0.0,0.0,0.0
1013,243,1.0,0.0,1.0,1,0,0.0,0.0,0.0,0.0,1,0.0,0.0,0.0,3.0,0.0,0.0,0.0,0.0,0.0,0.0,0.0,1.0
542,243,1.0,0.0,1.0,1,0,0.0,0.0,0.0,0.0,1,0.0,0.0,0.0,3.0,0.0,0.0,0.0,0.0,0.0,0.0,0.0,2.0
796,243,1.0,0.0,1.0,1,0,0.0,0.0,0.0,0.0,1,0.0,0.0,1.0,2.0,0.0,0.0,0.0,0.0,0.0,0.0,0.0,1.0
242,243,1.0,0.0,1.0,1,0,0.0,0.0,0.0,0.0,1,0.0,0.0,0.0,3.0,0.0,0.0,0.0,0.0,0.0,0.0,0.0,1.0
797,244,0.0,0.0,0.0,1,0,0.0,0.0,0.0,1.0,1,4.0,0.0,0.0,3.0,0.0,0.0,0.0,0.0,0.0,0.0,0.0,1.0
543,244,0.0,0.0,0.0,1,0,0.0,0.0,0.0,1.0,1,4.0,0.0,0.0,3.0,0.0,0.0,0.0,0.0,0.0,0.0,0.0,0.0
243,244,0.0,0.0,0.0,1,0,0.0,0.0,0.0,1.0,1,4.0,0.0,0.0,3.0,0.0,0.0,0.0,0.0,0.0,0.0,0.0,0.0
1014,244,0.0,0.0,0.0,1,0,0.0,0.0,0.0,1.0,1,0.0,0.0,0.0,3.0,1.0,0.0,0.0,0.0,0.0,0.0,0.0,1.0
244,245,0.0,0.0,0.0,1,0,1.0,0.0,0.0,0.0,1,5.0,0.0,0.0,2.0,0.0,0.0,0.0,0.0,0.0,0.0,0.0,0.0
1015,245,0.0,0.0,0.0,1,0,1.0,0.0,0.0,0.0,1,5.0,0.0,0.0,2.0,0.0,0.0,0.0,0.0,0.0,0.0,0.0,0.0
544,245,0.0,0.0,0.0,1,0,1.0,0.0,0.0,0.0,1,5.0,0.0,0.0,2.0,0.0,1.0,0.0,0.0,0.0,0.0,0.0,0.0
798,245,0.0,0.0,0.0,1,0,1.0,0.0,0.0,0.0,1,5.0,0.0,0.0,0.0,0.0,0.0,0.0,0.0,0.0,0.0,0.0,0.0
245,246,0.0,0.0,1.0,1,0,1.0,0.0,0.0,1.0,1,5.0,0.0,0.0,5.0,0.0,2.0,0.0,0.0,0.0,7.0,0.0,0.0
545,246,0.0,0.0,1.0,1,0,1.0,0.0,0.0,1.0,1,0.0,0.0,0.0,3.0,0.0,0.0,0.0,0.0,0.0,0.0,0.0,0.0
546,247,0.0,0.0,1.0,1,0,0.0,0.0,1.0,1.0,2,0.0,0.0,0.0,0.0,0.0,0.0,0.0,0.0,1.0,0.0,0.0,0.0
1016,247,0.0,0.0,1.0,1,0,0.0,0.0,1.0,1.0,2,1.0,0.0,0.0,0.0,0.0,0.0,0.0,0.0,0.0,0.0,0.0,0.0
246,247,0.0,0.0,1.0,1,0,0.0,0.0,1.0,1.0,2,0.0,0.0,0.0,0.0,0.0,0.0,4.0,0.0,0.0,0.0,0.0,0.0
799,247,0.0,0.0,1.0,1,0,0.0,0.0,1.0,1.0,2,3.0,0.0,0.0,0.0,0.0,0.0,0.0,0.0,0.0,0.0,0.0,0.0
800,248,0.0,0.0,1.0,1,0,0.0,0.0,1.0,0.0,3,5.0,0.0,0.0,0.0,0.0,0.0,0.0,0.0,0.0,0.0,0.0,0.0
247,248,0.0,0.0,1.0,1,0,0.0,0.0,1.0,0.0,3,0.0,0.0,0.0,0.0,0.0,0.0,0.0,0.0,3.0,0.0,0.0,0.0
547,248,0.0,0.0,1.0,1,0,0.0,0.0,1.0,0.0,3,0.0,0.0,0.0,0.0,0.0,0.0,0.0,0.0,0.0,0.0,0.0,3.0
248,249,1.0,0.0,1.0,1,0,1.0,0.0,0.0,1.0,1,5.0,0.0,0.0,0.0,0.0,0.0,0.0,0.0,0.0,0.0,0.0,0.0
548,249,1.0,0.0,1.0,1,0,1.0,0.0,0.0,1.0,1,3.0,1.0,0.0,0.0,0.0,0.0,0.0,0.0,0.0,0.0,0.0,0.0
549,250,1.0,0.0,1.0,1,0,0.0,1.0,0.0,0.0,2,0.0,0.0,1.0,4.0,0.0,0.0,0.0,0.0,0.0,0.0,0.0,2.0
249,250,1.0,0.0,1.0,1,0,0.0,1.0,0.0,0.0,2,0.0,0.0,1.0,7.0,0.0,0.0,0.0,0.0,0.0,7.0,0.0,1.0
1017,251,1.0,0.0,1.0,1,0,1.0,0.0,0.0,1.0,1,6.0,0.0,0.0,1.0,0.0,0.0,0.0,0.0,0.0,0.0,0.0,0.0
801,251,1.0,0.0,1.0,1,0,1.0,0.0,0.0,1.0,1,6.0,0.0,0.0,3.0,0.0,0.0,0.0,0.0,0.0,1.0,0.0,0.0
250,251,1.0,0.0,1.0,1,0,1.0,0.0,0.0,1.0,1,5.0,0.0,0.0,2.0,0.0,0.0,0.0,0.0,0.0,0.0,0.0,0.0
550,251,1.0,0.0,1.0,1,0,1.0,0.0,0.0,1.0,1,2.0,0.0,0.0,2.0,0.0,0.0,0.0,0.0,0.0,0.0,0.0,0.0
251,252,1.0,0.0,1.0,1,0,0.0,0.0,1.0,1.0,1,6.0,1.0,0.0,1.0,0.0,1.0,1.0,3.0,0.0,0.0,0.0,0.0
1018,252,1.0,0.0,1.0,1,0,0.0,0.0,1.0,1.0,1,3.0,2.0,4.0,0.0,0.0,0.0,0.0,0.0,0.0,0.0,0.0,0.0
802,252,1.0,0.0,1.0,1,0,0.0,0.0,1.0,1.0,1,0.0,5.0,0.0,0.0,0.0,2.0,0.0,0.0,0.0,0.0,0.0,0.0
551,252,1.0,0.0,1.0,1,0,0.0,0.0,1.0,1.0,1,0.0,3.0,0.0,1.0,0.0,0.0,0.0,0.0,0.0,0.0,0.0,0.0
552,253,0.0,0.0,1.0,1,0,0.0,1.0,0.0,0.0,1,0.0,0.0,0.0,2.0,1.0,0.0,0.0,0.0,0.0,0.0,0.0,0.0
803,253,0.0,0.0,1.0,1,0,0.0,1.0,0.0,0.0,1,3.0,0.0,0.0,1.0,0.0,0.0,0.0,3.0,1.0,0.0,0.0,0.0
252,253,0.0,0.0,1.0,1,0,0.0,1.0,0.0,0.0,1,3.0,0.0,0.0,1.0,0.0,0.0,0.0,3.0,1.0,0.0,0.0,1.0
1019,253,0.0,0.0,1.0,1,0,0.0,1.0,0.0,0.0,1,0.0,0.0,0.0,2.0,0.0,1.0,0.0,3.0,1.0,0.0,0.0,0.0
553,254,1.0,0.0,0.0,1,0,0.0,0.0,0.0,1.0,1,5.0,0.0,1.0,2.0,1.0,1.0,0.0,0.0,0.0,0.0,0.0,0.0
1020,254,1.0,0.0,0.0,1,0,0.0,0.0,0.0,1.0,1,5.0,0.0,0.0,2.0,0.0,0.0,0.0,0.0,0.0,0.0,0.0,0.0
804,254,1.0,0.0,0.0,1,0,0.0,0.0,0.0,1.0,1,5.0,0.0,0.0,2.0,0.0,0.0,1.0,0.0,0.0,0.0,0.0,0.0
253,254,1.0,0.0,0.0,1,0,0.0,0.0,0.0,1.0,1,5.0,0.0,0.0,3.0,0.0,1.0,0.0,0.0,0.0,0.0,0.0,0.0
805,255,0.0,0.0,1.0,1,0,1.0,0.0,0.0,1.0,1,2.0,0.0,0.0,2.0,0.0,0.0,0.0,0.0,0.0,0.0,0.0,0.0
554,255,0.0,0.0,1.0,1,0,1.0,0.0,0.0,1.0,1,0.0,0.0,0.0,0.0,0.0,0.0,0.0,0.0,0.0,0.0,0.0,0.0
1021,255,0.0,0.0,1.0,1,0,1.0,0.0,0.0,1.0,1,5.0,0.0,0.0,1.0,0.0,0.0,0.0,0.0,0.0,0.0,0.0,0.0
254,255,0.0,0.0,1.0,1,0,1.0,0.0,0.0,1.0,1,5.0,0.0,0.0,1.0,0.0,0.0,0.0,0.0,0.0,0.0,0.0,0.0
555,256,0.0,0.0,0.0,1,0,0.0,1.0,1.0,0.0,1,0.0,0.0,0.0,3.0,0.0,0.0,0.0,0.0,0.0,0.0,0.0,0.0
255,256,0.0,0.0,0.0,1,0,0.0,1.0,1.0,0.0,1,0.0,0.0,0.0,3.0,0.0,0.0,0.0,0.0,0.0,0.0,0.0,0.0
1022,256,0.0,0.0,0.0,1,0,0.0,1.0,1.0,0.0,1,0.0,0.0,0.0,5.0,0.0,1.0,0.0,0.0,0.0,0.0,0.0,1.0
806,256,0.0,0.0,0.0,1,0,0.0,1.0,1.0,0.0,1,0.0,0.0,0.0,2.0,0.0,0.0,0.0,0.0,0.0,0.0,0.0,0.0
556,257,1.0,0.0,0.0,1,0,1.0,0.0,0.0,1.0,1,0.0,0.0,0.0,2.0,0.0,0.0,0.0,0.0,0.0,0.0,0.0,0.0
256,257,1.0,0.0,0.0,1,0,1.0,0.0,0.0,1.0,1,5.0,0.0,0.0,3.0,0.0,0.0,0.0,0.0,0.0,0.0,0.0,0.0
1023,257,1.0,0.0,0.0,1,0,1.0,0.0,0.0,1.0,1,0.0,0.0,0.0,3.0,0.0,0.0,0.0,0.0,0.0,0.0,0.0,0.0
807,257,1.0,0.0,0.0,1,0,1.0,0.0,0.0,1.0,1,0.0,0.0,0.0,2.0,0.0,0.0,0.0,0.0,0.0,0.0,0.0,0.0
557,258,1.0,0.0,0.0,1,0,1.0,0.0,0.0,1.0,1,0.0,0.0,1.0,3.0,0.0,0.0,0.0,0.0,0.0,0.0,0.0,0.0
1024,258,1.0,0.0,0.0,1,0,1.0,0.0,0.0,1.0,1,5.0,0.0,0.0,1.0,0.0,0.0,0.0,0.0,0.0,0.0,0.0,0.0
257,258,1.0,0.0,0.0,1,0,1.0,0.0,0.0,1.0,1,5.0,0.0,0.0,2.0,0.0,0.0,0.0,0.0,0.0,0.0,0.0,0.0
808,258,1.0,0.0,0.0,1,0,1.0,0.0,0.0,1.0,1,5.0,0.0,0.0,2.0,0.0,0.0,0.0,3.0,0.0,0.0,0.0,0.0
809,259,0.0,0.0,1.0,1,0,0.0,0.0,0.0,1.0,1,5.0,0.0,0.0,1.0,1.0,0.0,0.0,0.0,0.0,0.0,0.0,0.0
1025,259,0.0,0.0,1.0,1,0,0.0,0.0,0.0,1.0,1,4.0,1.0,0.0,2.0,1.0,1.0,0.0,0.0,0.0,0.0,0.0,0.0
258,259,0.0,0.0,1.0,1,0,0.0,0.0,0.0,1.0,1,5.0,0.0,0.0,0.0,1.0,0.0,0.0,0.0,0.0,0.0,0.0,0.0
558,259,0.0,0.0,1.0,1,0,0.0,0.0,0.0,1.0,1,5.0,0.0,0.0,2.0,1.0,0.0,0.0,0.0,0.0,0.0,0.0,0.0
259,260,0.0,0.0,0.0,1,0,0.0,0.0,0.0,1.0,1,6.0,0.0,0.0,0.0,0.0,0.0,0.0,0.0,0.0,0.0,0.0,0.0
810,260,0.0,0.0,0.0,1,0,0.0,0.0,0.0,1.0,1,5.0,0.0,0.0,0.0,0.0,0.0,0.0,0.0,0.0,0.0,0.0,0.0
559,260,0.0,0.0,0.0,1,0,0.0,0.0,0.0,1.0,1,0.0,0.0,0.0,0.0,1.0,0.0,0.0,0.0,0.0,0.0,0.0,0.0
260,261,0.0,0.0,0.0,1,0,1.0,0.0,1.0,1.0,1,5.0,0.0,0.0,2.0,0.0,0.0,0.0,0.0,0.0,0.0,0.0,0.0
1026,261,0.0,0.0,0.0,1,0,1.0,0.0,1.0,1.0,1,2.0,0.0,0.0,3.0,0.0,0.0,0.0,0.0,0.0,0.0,0.0,0.0
560,261,0.0,0.0,0.0,1,0,1.0,0.0,1.0,1.0,1,1.0,0.0,0.0,0.0,0.0,0.0,0.0,0.0,0.0,0.0,0.0,0.0
811,261,0.0,0.0,0.0,1,0,1.0,0.0,1.0,1.0,1,7.0,0.0,0.0,2.0,0.0,0.0,0.0,2.0,0.0,0.0,0.0,0.0
261,262,0.0,0.0,1.0,1,0,0.0,0.0,0.0,0.0,3,7.0,0.0,0.0,3.0,0.0,0.0,2.0,3.0,3.0,3.0,0.0,2.0
1027,262,0.0,0.0,1.0,1,0,0.0,0.0,0.0,0.0,3,0.0,0.0,1.0,3.0,0.0,0.0,0.0,1.0,0.0,0.0,0.0,2.0
561,262,0.0,0.0,1.0,1,0,0.0,0.0,0.0,0.0,3,0.0,0.0,1.0,3.0,0.0,0.0,0.0,0.0,0.0,0.0,0.0,1.0
812,262,0.0,0.0,1.0,1,0,0.0,0.0,0.0,0.0,3,0.0,0.0,1.0,3.0,0.0,0.0,0.0,1.0,0.0,0.0,0.0,2.0
562,263,1.0,0.0,1.0,1,0,1.0,0.0,0.0,1.0,1,1.0,0.0,0.0,7.0,0.0,0.0,0.0,0.0,0.0,0.0,0.0,0.0
1028,263,1.0,0.0,1.0,1,0,1.0,0.0,0.0,1.0,1,0.0,0.0,0.0,7.0,1.0,1.0,0.0,0.0,0.0,0.0,0.0,0.0
262,263,1.0,0.0,1.0,1,0,1.0,0.0,0.0,1.0,1,1.0,0.0,0.0,7.0,0.0,0.0,0.0,0.0,0.0,0.0,0.0,0.0
813,263,1.0,0.0,1.0,1,0,1.0,0.0,0.0,1.0,1,0.0,0.0,0.0,7.0,0.0,0.0,0.0,0.0,0.0,0.0,0.0,0.0
1029,264,0.0,0.0,0.0,1,0,0.0,0.0,0.0,1.0,1,5.0,0.0,0.0,0.0,0.0,0.0,0.0,0.0,0.0,0.0,0.0,0.0
263,264,0.0,0.0,0.0,1,0,0.0,0.0,0.0,1.0,1,6.0,0.0,0.0,0.0,0.0,0.0,0.0,3.0,0.0,0.0,0.0,0.0
563,264,0.0,0.0,0.0,1,0,0.0,0.0,0.0,1.0,1,3.0,0.0,0.0,1.0,0.0,0.0,0.0,3.0,0.0,0.0,0.0,0.0
814,264,0.0,0.0,0.0,1,0,0.0,0.0,0.0,1.0,1,5.0,0.0,0.0,2.0,2.0,0.0,0.0,0.0,1.0,0.0,0.0,0.0
264,265,1.0,0.0,1.0,1,0,0.0,0.0,0.0,1.0,1,5.0,0.0,0.0,0.0,0.0,0.0,0.0,0.0,0.0,0.0,0.0,0.0
564,265,1.0,0.0,1.0,1,0,0.0,0.0,0.0,1.0,1,5.0,0.0,0.0,0.0,0.0,0.0,0.0,0.0,0.0,0.0,0.0,0.0
265,266,1.0,0.0,1.0,1,0,1.0,0.0,1.0,1.0,1,5.0,0.0,0.0,3.0,0.0,2.0,1.0,2.0,0.0,0.0,0.0,0.0
565,266,1.0,0.0,1.0,1,0,1.0,0.0,1.0,1.0,1,0.0,0.0,0.0,4.0,0.0,1.0,0.0,0.0,0.0,0.0,0.0,0.0
1030,266,1.0,0.0,1.0,1,0,1.0,0.0,1.0,1.0,1,5.0,0.0,1.0,3.0,3.0,0.0,0.0,2.0,0.0,0.0,0.0,1.0
815,266,1.0,0.0,1.0,1,0,1.0,0.0,1.0,1.0,1,5.0,0.0,0.0,3.0,0.0,1.0,0.0,0.0,0.0,0.0,0.0,1.0
816,267,1.0,0.0,1.0,1,0,0.0,0.0,1.0,1.0,1,0.0,0.0,0.0,1.0,0.0,0.0,0.0,0.0,0.0,0.0,0.0,0.0
566,267,1.0,0.0,1.0,1,0,0.0,0.0,1.0,1.0,1,0.0,0.0,0.0,0.0,0.0,0.0,0.0,0.0,0.0,0.0,0.0,0.0
1031,267,1.0,0.0,1.0,1,0,0.0,0.0,1.0,1.0,1,0.0,0.0,0.0,1.0,0.0,0.0,0.0,0.0,0.0,0.0,0.0,0.0
266,267,1.0,0.0,1.0,1,0,0.0,0.0,1.0,1.0,1,3.0,0.0,0.0,2.0,0.0,0.0,0.0,0.0,0.0,0.0,0.0,0.0
567,268,1.0,0.0,0.0,1,0,1.0,0.0,1.0,0.0,1,5.0,0.0,1.0,2.0,0.0,0.0,0.0,0.0,0.0,0.0,0.0,0.0
267,268,1.0,0.0,0.0,1,0,1.0,0.0,1.0,0.0,1,5.0,5.0,1.0,3.0,1.0,1.0,1.0,1.0,1.0,1.0,1.0,1.0
1032,269,1.0,0.0,0.0,1,0,1.0,0.0,0.0,1.0,1,4.0,0.0,1.0,1.0,1.0,0.0,0.0,0.0,0.0,0.0,0.0,1.0
568,269,1.0,0.0,0.0,1,0,1.0,0.0,0.0,1.0,1,0.0,0.0,0.0,0.0,0.0,0.0,0.0,0.0,0.0,0.0,0.0,0.0
268,269,1.0,0.0,0.0,1,0,1.0,0.0,0.0,1.0,1,5.0,0.0,1.0,1.0,1.0,1.0,1.0,3.0,1.0,0.0,0.0,1.0
817,269,1.0,0.0,0.0,1,0,1.0,0.0,0.0,1.0,1,5.0,0.0,0.0,2.0,3.0,1.0,0.0,2.0,0.0,0.0,0.0,2.0
569,270,0.0,0.0,1.0,1,0,1.0,0.0,0.0,0.0,1,5.0,0.0,0.0,2.0,0.0,0.0,0.0,0.0,0.0,0.0,0.0,1.0
269,270,0.0,0.0,1.0,1,0,1.0,0.0,0.0,0.0,1,6.0,0.0,0.0,2.0,0.0,0.0,0.0,0.0,0.0,0.0,0.0,1.0
1033,271,1.0,0.0,1.0,1,0,0.0,0.0,0.0,0.0,1,6.0,2.0,0.0,7.0,1.0,1.0,0.0,0.0,0.0,2.0,0.0,1.0
570,271,1.0,0.0,1.0,1,0,0.0,0.0,0.0,0.0,1,0.0,0.0,0.0,3.0,0.0,0.0,0.0,0.0,0.0,0.0,0.0,1.0
270,271,1.0,0.0,1.0,1,0,0.0,0.0,0.0,0.0,1,6.0,6.0,0.0,7.0,1.0,1.0,1.0,1.0,1.0,1.0,1.0,1.0
818,271,1.0,0.0,1.0,1,0,0.0,0.0,0.0,0.0,1,4.0,0.0,0.0,6.0,1.0,0.0,0.0,0.0,0.0,1.0,0.0,0.0
271,272,1.0,0.0,0.0,1,0,0.0,0.0,0.0,1.0,1,4.0,0.0,1.0,2.0,0.0,0.0,0.0,0.0,0.0,0.0,0.0,0.0
571,272,1.0,0.0,0.0,1,0,0.0,0.0,0.0,1.0,1,0.0,0.0,0.0,2.0,1.0,0.0,0.0,0.0,0.0,0.0,0.0,0.0
1034,272,1.0,0.0,0.0,1,0,0.0,1.0,0.0,0.0,1,0.0,0.0,0.0,3.0,0.0,0.0,0.0,1.0,0.0,0.0,0.0,0.0
819,272,1.0,0.0,0.0,1,0,0.0,1.0,0.0,0.0,1,0.0,0.0,0.0,0.0,0.0,0.0,0.0,0.0,0.0,0.0,0.0,0.0
272,273,0.0,0.0,1.0,1,0,1.0,0.0,0.0,1.0,1,5.0,0.0,0.0,2.0,0.0,0.0,1.0,4.0,1.0,0.0,1.0,1.0
572,273,0.0,0.0,1.0,1,0,1.0,0.0,0.0,1.0,1,0.0,0.0,0.0,1.0,0.0,0.0,0.0,0.0,0.0,7.0,0.0,0.0
820,273,0.0,0.0,1.0,1,0,1.0,0.0,0.0,1.0,1,7.0,0.0,0.0,1.0,0.0,0.0,0.0,0.0,0.0,0.0,0.0,1.0
273,274,0.0,0.0,0.0,1,0,0.0,0.0,1.0,0.0,4,0.0,0.0,0.0,0.0,0.0,0.0,0.0,0.0,0.0,3.0,0.0,0.0
573,274,0.0,0.0,0.0,1,0,0.0,0.0,1.0,0.0,4,0.0,0.0,0.0,0.0,0.0,0.0,0.0,4.0,0.0,0.0,0.0,0.0
821,275,0.0,0.0,1.0,1,0,0.0,1.0,0.0,0.0,1,0.0,0.0,0.0,3.0,1.0,0.0,0.0,0.0,0.0,0.0,0.0,0.0
574,275,0.0,0.0,1.0,1,0,0.0,1.0,0.0,0.0,1,0.0,0.0,0.0,2.0,1.0,0.0,0.0,0.0,0.0,0.0,0.0,1.0
274,275,0.0,0.0,1.0,1,0,0.0,1.0,0.0,0.0,1,0.0,0.0,0.0,4.0,0.0,0.0,0.0,0.0,3.0,0.0,0.0,0.0
1035,275,0.0,0.0,1.0,1,0,0.0,1.0,0.0,0.0,1,0.0,0.0,0.0,3.0,1.0,2.0,0.0,0.0,0.0,0.0,0.0,1.0
575,276,1.0,0.0,1.0,1,0,1.0,0.0,0.0,1.0,3,0.0,0.0,0.0,3.0,0.0,0.0,0.0,0.0,0.0,0.0,0.0,0.0
822,276,1.0,0.0,1.0,1,0,1.0,0.0,0.0,1.0,3,0.0,0.0,0.0,4.0,0.0,3.0,0.0,0.0,0.0,7.0,0.0,1.0
275,276,1.0,0.0,1.0,1,0,1.0,0.0,0.0,1.0,3,5.0,0.0,0.0,2.0,0.0,1.0,1.0,1.0,1.0,1.0,1.0,1.0
823,277,1.0,0.0,0.0,1,0,0.0,0.0,1.0,0.0,1,5.0,5.0,1.0,7.0,0.0,0.0,1.0,0.0,0.0,0.0,0.0,0.0
1036,277,1.0,0.0,0.0,1,0,0.0,0.0,1.0,0.0,1,0.0,5.0,1.0,3.0,0.0,0.0,1.0,0.0,0.0,1.0,0.0,1.0
576,277,1.0,0.0,0.0,1,0,0.0,0.0,1.0,0.0,1,1.0,4.0,0.0,4.0,0.0,0.0,0.0,0.0,0.0,4.0,0.0,0.0
276,277,1.0,0.0,0.0,1,0,0.0,0.0,1.0,0.0,1,3.0,5.0,0.0,6.0,0.0,0.0,1.0,0.0,0.0,4.0,0.0,0.0
577,278,0.0,1.0,0.0,1,0,0.0,1.0,0.0,0.0,1,0.0,0.0,0.0,3.0,1.0,1.0,0.0,1.0,0.0,7.0,0.0,0.0
277,278,0.0,1.0,0.0,1,0,0.0,1.0,0.0,0.0,1,7.0,0.0,0.0,3.0,1.0,0.0,0.0,0.0,0.0,6.0,0.0,0.0
278,279,0.0,0.0,0.0,1,0,1.0,0.0,0.0,1.0,1,3.0,0.0,0.0,1.0,0.0,0.0,0.0,0.0,0.0,0.0,0.0,0.0
824,279,0.0,0.0,0.0,1,0,1.0,0.0,0.0,1.0,1,5.0,0.0,0.0,0.0,0.0,0.0,0.0,0.0,0.0,0.0,0.0,0.0
1037,279,0.0,0.0,0.0,1,0,1.0,0.0,0.0,1.0,1,5.0,0.0,0.0,0.0,0.0,0.0,0.0,0.0,0.0,0.0,0.0,0.0
578,279,0.0,0.0,0.0,1,0,1.0,0.0,0.0,1.0,1,2.0,0.0,0.0,1.0,0.0,0.0,0.0,0.0,0.0,0.0,0.0,0.0
279,280,1.0,0.0,1.0,1,0,0.0,0.0,0.0,1.0,1,5.0,0.0,0.0,4.0,0.0,0.0,0.0,0.0,0.0,0.0,0.0,0.0
825,280,1.0,0.0,1.0,1,0,0.0,0.0,0.0,1.0,1,1.0,0.0,0.0,2.0,0.0,0.0,0.0,0.0,0.0,0.0,0.0,0.0
1038,280,1.0,0.0,1.0,1,0,0.0,0.0,0.0,1.0,1,0.0,0.0,0.0,4.0,0.0,0.0,0.0,0.0,0.0,0.0,0.0,0.0
579,280,1.0,0.0,1.0,1,0,0.0,0.0,0.0,1.0,1,0.0,0.0,0.0,3.0,0.0,0.0,0.0,0.0,0.0,0.0,0.0,0.0
1039,281,0.0,1.0,0.0,1,0,0.0,0.0,0.0,1.0,1,5.0,0.0,0.0,2.0,0.0,1.0,1.0,0.0,0.0,0.0,0.0,0.0
826,281,0.0,1.0,0.0,1,0,0.0,0.0,0.0,1.0,1,5.0,0.0,0.0,1.0,0.0,1.0,2.0,0.0,0.0,0.0,0.0,0.0
580,281,0.0,1.0,0.0,1,0,0.0,0.0,0.0,1.0,1,0.0,0.0,0.0,3.0,1.0,0.0,0.0,0.0,0.0,0.0,0.0,0.0
280,281,0.0,1.0,0.0,1,0,0.0,0.0,0.0,1.0,1,5.0,0.0,0.0,3.0,0.0,0.0,1.0,0.0,0.0,0.0,0.0,0.0
827,282,0.0,0.0,1.0,1,0,1.0,0.0,0.0,1.0,2,4.0,0.0,0.0,1.0,0.0,0.0,0.0,2.0,0.0,0.0,0.0,0.0
581,282,0.0,0.0,1.0,1,0,1.0,0.0,0.0,1.0,2,0.0,0.0,0.0,1.0,0.0,0.0,0.0,0.0,0.0,0.0,0.0,0.0
281,282,0.0,0.0,1.0,1,0,1.0,0.0,0.0,1.0,2,5.0,0.0,0.0,2.0,0.0,0.0,0.0,1.0,1.0,0.0,0.0,0.0
1040,282,0.0,0.0,1.0,1,0,1.0,0.0,0.0,1.0,2,4.0,0.0,0.0,0.0,0.0,0.0,0.0,0.0,0.0,0.0,0.0,0.0
1041,283,0.0,1.0,0.0,1,0,0.0,0.0,1.0,1.0,1,4.0,0.0,0.0,3.0,0.0,0.0,0.0,0.0,0.0,0.0,0.0,0.0
282,283,0.0,1.0,0.0,1,0,0.0,0.0,1.0,1.0,1,4.0,2.0,0.0,3.0,0.0,0.0,0.0,0.0,1.0,3.0,0.0,1.0
828,283,0.0,1.0,0.0,1,0,0.0,0.0,1.0,1.0,1,4.0,3.0,0.0,3.0,0.0,2.0,0.0,0.0,0.0,2.0,0.0,0.0
582,283,0.0,1.0,0.0,1,0,0.0,0.0,1.0,1.0,1,0.0,2.0,0.0,3.0,0.0,0.0,0.0,0.0,0.0,0.0,0.0,1.0
1042,284,0.0,0.0,0.0,1,0,0.0,0.0,0.0,1.0,1,4.0,0.0,0.0,1.0,0.0,1.0,0.0,0.0,0.0,0.0,0.0,0.0
583,284,0.0,0.0,0.0,1,0,0.0,0.0,0.0,1.0,1,0.0,0.0,0.0,2.0,0.0,0.0,0.0,0.0,0.0,0.0,0.0,0.0
283,284,0.0,0.0,0.0,1,0,0.0,0.0,0.0,1.0,1,5.0,0.0,0.0,2.0,0.0,0.0,0.0,0.0,0.0,0.0,0.0,0.0
829,284,0.0,0.0,0.0,1,0,0.0,0.0,0.0,1.0,1,3.0,0.0,0.0,1.0,0.0,0.0,0.0,0.0,0.0,0.0,0.0,0.0
830,285,1.0,0.0,0.0,1,0,0.0,0.0,0.0,1.0,1,5.0,0.0,0.0,1.0,0.0,0.0,0.0,0.0,0.0,0.0,0.0,0.0
584,285,1.0,0.0,0.0,1,0,0.0,0.0,0.0,1.0,1,0.0,1.0,0.0,1.0,0.0,0.0,0.0,0.0,0.0,0.0,0.0,1.0
1043,285,1.0,0.0,0.0,1,0,0.0,0.0,0.0,1.0,1,7.0,2.0,0.0,3.0,0.0,0.0,0.0,0.0,0.0,0.0,0.0,1.0
284,285,1.0,0.0,0.0,1,0,0.0,0.0,0.0,1.0,1,0.0,0.0,0.0,0.0,0.0,0.0,0.0,0.0,0.0,0.0,0.0,0.0
585,286,0.0,0.0,0.0,1,0,0.0,0.0,1.0,1.0,1,0.0,0.0,1.0,2.0,0.0,0.0,0.0,0.0,0.0,3.0,0.0,0.0
831,286,0.0,0.0,0.0,1,0,0.0,0.0,1.0,1.0,1,0.0,0.0,1.0,2.0,1.0,0.0,0.0,0.0,0.0,0.0,0.0,1.0
285,286,0.0,0.0,0.0,1,0,0.0,0.0,1.0,1.0,1,5.0,0.0,1.0,3.0,0.0,0.0,0.0,0.0,2.0,2.0,1.0,0.0
832,287,0.0,0.0,0.0,1,0,0.0,1.0,1.0,0.0,3,2.0,3.0,0.0,4.0,0.0,3.0,0.0,5.0,0.0,2.0,2.0,0.0
586,287,0.0,0.0,0.0,1,0,0.0,1.0,1.0,0.0,3,0.0,1.0,0.0,0.0,0.0,0.0,2.0,0.0,4.0,0.0,5.0,0.0
1044,287,0.0,0.0,0.0,1,0,0.0,1.0,1.0,0.0,3,0.0,3.0,6.0,4.0,4.0,2.0,4.0,3.0,1.0,6.0,7.0,6.0
286,287,0.0,0.0,0.0,1,0,0.0,1.0,1.0,0.0,3,0.0,0.0,0.0,0.0,0.0,2.0,0.0,0.0,0.0,2.0,0.0,0.0
833,288,0.0,0.0,1.0,1,0,1.0,0.0,0.0,1.0,3,0.0,0.0,0.0,0.0,0.0,0.0,0.0,0.0,0.0,0.0,0.0,0.0
587,288,0.0,0.0,1.0,1,0,1.0,0.0,0.0,1.0,3,0.0,0.0,0.0,0.0,0.0,0.0,0.0,0.0,0.0,0.0,0.0,0.0
1045,288,0.0,0.0,1.0,1,0,1.0,0.0,0.0,1.0,3,6.0,0.0,0.0,6.0,6.0,0.0,0.0,0.0,0.0,0.0,0.0,0.0
287,288,0.0,0.0,1.0,1,0,1.0,0.0,0.0,1.0,3,0.0,0.0,0.0,0.0,0.0,0.0,0.0,0.0,0.0,1.0,0.0,0.0
288,289,1.0,0.0,1.0,1,0,0.0,1.0,1.0,0.0,1,5.0,0.0,0.0,2.0,0.0,0.0,0.0,0.0,0.0,0.0,0.0,0.0
834,289,1.0,0.0,1.0,1,0,0.0,1.0,1.0,0.0,1,2.0,0.0,0.0,3.0,0.0,0.0,0.0,0.0,0.0,0.0,0.0,3.0
588,289,1.0,0.0,1.0,1,0,0.0,1.0,1.0,0.0,1,0.0,0.0,0.0,3.0,0.0,0.0,0.0,0.0,0.0,3.0,0.0,0.0
1046,289,1.0,0.0,1.0,1,0,0.0,1.0,1.0,0.0,1,5.0,0.0,0.0,0.0,0.0,0.0,0.0,0.0,0.0,0.0,0.0,0.0
289,290,1.0,0.0,0.0,1,0,1.0,0.0,1.0,0.0,1,5.0,0.0,0.0,2.0,0.0,1.0,2.0,1.0,0.0,0.0,1.0,0.0
589,290,1.0,0.0,0.0,1,0,1.0,0.0,1.0,0.0,1,2.0,0.0,0.0,2.0,0.0,0.0,0.0,0.0,0.0,0.0,0.0,0.0
835,290,1.0,0.0,0.0,1,0,1.0,0.0,1.0,0.0,1,2.0,2.0,0.0,1.0,1.0,1.0,0.0,0.0,0.0,2.0,1.0,0.0
1047,290,1.0,0.0,0.0,1,0,1.0,0.0,1.0,0.0,1,5.0,2.0,0.0,2.0,1.0,0.0,0.0,0.0,0.0,1.0,0.0,1.0
590,291,0.0,0.0,0.0,1,0,0.0,0.0,1.0,1.0,1,0.0,0.0,0.0,1.0,1.0,1.0,0.0,0.0,0.0,0.0,0.0,0.0
290,291,0.0,0.0,0.0,1,0,0.0,0.0,1.0,1.0,1,5.0,0.0,0.0,3.0,1.0,1.0,0.0,1.0,0.0,0.0,1.0,0.0
591,292,1.0,0.0,0.0,1,0,1.0,0.0,1.0,1.0,2,0.0,0.0,0.0,1.0,0.0,0.0,0.0,0.0,0.0,0.0,0.0,0.0
291,292,1.0,0.0,0.0,1,0,1.0,0.0,1.0,1.0,2,5.0,0.0,0.0,0.0,0.0,0.0,0.0,0.0,0.0,0.0,0.0,0.0
836,292,1.0,0.0,0.0,1,0,1.0,0.0,1.0,0.0,2,0.0,0.0,0.0,0.0,0.0,0.0,0.0,0.0,0.0,3.0,0.0,0.0
1048,293,0.0,0.0,1.0,1,0,0.0,0.0,0.0,1.0,2,3.0,0.0,1.0,3.0,1.0,0.0,0.0,1.0,0.0,0.0,0.0,1.0
592,293,0.0,0.0,1.0,1,0,0.0,0.0,0.0,1.0,2,0.0,0.0,1.0,3.0,1.0,0.0,0.0,0.0,0.0,0.0,0.0,2.0
292,293,0.0,0.0,1.0,1,0,0.0,0.0,0.0,1.0,2,0.0,0.0,2.0,4.0,2.0,0.0,0.0,1.0,0.0,0.0,0.0,4.0
837,293,0.0,0.0,1.0,1,0,0.0,0.0,0.0,1.0,2,0.0,0.0,1.0,4.0,0.0,0.0,0.0,0.0,0.0,0.0,0.0,1.0
293,294,0.0,0.0,0.0,1,0,1.0,0.0,0.0,1.0,2,5.0,0.0,0.0,3.0,1.0,0.0,0.0,0.0,0.0,0.0,0.0,0.0
1049,294,0.0,0.0,0.0,1,0,1.0,0.0,0.0,1.0,2,5.0,0.0,0.0,0.0,1.0,2.0,0.0,0.0,0.0,0.0,0.0,1.0
593,294,0.0,0.0,0.0,1,0,1.0,0.0,0.0,1.0,2,3.0,0.0,0.0,3.0,2.0,0.0,0.0,1.0,0.0,0.0,0.0,1.0
838,294,0.0,0.0,0.0,1,0,1.0,0.0,0.0,1.0,2,4.0,0.0,0.0,2.0,2.0,1.0,0.0,0.0,0.0,0.0,0.0,1.0
594,295,1.0,0.0,0.0,1,0,0.0,1.0,0.0,0.0,2,7.0,0.0,6.0,3.0,0.0,0.0,0.0,0.0,0.0,0.0,0.0,1.0
839,295,1.0,0.0,0.0,1,0,0.0,1.0,0.0,0.0,2,0.0,0.0,7.0,3.0,0.0,0.0,0.0,0.0,0.0,0.0,0.0,0.0
294,295,1.0,0.0,0.0,1,0,0.0,1.0,0.0,0.0,2,7.0,0.0,6.0,2.0,0.0,0.0,0.0,0.0,0.0,0.0,0.0,0.0
1050,296,1.0,0.0,0.0,1,0,1.0,0.0,1.0,1.0,2,0.0,3.0,0.0,0.0,0.0,0.0,0.0,0.0,0.0,0.0,0.0,0.0
840,296,0.0,0.0,0.0,1,0,1.0,0.0,1.0,1.0,2,0.0,0.0,0.0,0.0,0.0,3.0,0.0,0.0,0.0,0.0,0.0,0.0
595,296,1.0,0.0,1.0,1,0,1.0,0.0,1.0,1.0,2,0.0,0.0,4.0,0.0,0.0,0.0,0.0,0.0,0.0,0.0,0.0,0.0
295,296,1.0,0.0,1.0,1,0,1.0,0.0,1.0,1.0,2,0.0,0.0,0.0,0.0,0.0,4.0,0.0,0.0,0.0,0.0,0.0,0.0
296,297,1.0,0.0,1.0,1,0,0.0,0.0,0.0,1.0,2,1.0,0.0,0.0,0.0,0.0,0.0,0.0,0.0,0.0,0.0,0.0,0.0
596,297,1.0,0.0,1.0,1,0,0.0,0.0,0.0,1.0,2,6.0,0.0,0.0,0.0,0.0,0.0,0.0,0.0,0.0,0.0,0.0,0.0
297,298,0.0,0.0,0.0,1,0,1.0,0.0,0.0,1.0,2,6.0,0.0,0.0,2.0,0.0,0.0,5.0,0.0,0.0,0.0,0.0,2.0
841,298,0.0,0.0,0.0,1,0,1.0,0.0,0.0,1.0,2,4.0,0.0,0.0,2.0,0.0,0.0,2.0,0.0,0.0,0.0,0.0,0.0
597,298,0.0,0.0,0.0,1,0,1.0,0.0,0.0,1.0,2,3.0,0.0,0.0,1.0,0.0,0.0,0.0,0.0,0.0,0.0,0.0,0.0
298,299,1.0,0.0,1.0,1,0,1.0,0.0,0.0,0.0,2,6.0,0.0,0.0,0.0,0.0,0.0,0.0,0.0,0.0,0.0,0.0,0.0
598,299,1.0,0.0,1.0,1,0,1.0,0.0,0.0,0.0,2,5.0,1.0,0.0,1.0,0.0,0.0,0.0,0.0,0.0,0.0,0.0,1.0
842,300,1.0,0.0,1.0,1,0,1.0,0.0,1.0,1.0,3,4.0,0.0,0.0,2.0,0.0,0.0,0.0,0.0,0.0,0.0,0.0,0.0
599,300,1.0,0.0,1.0,1,0,1.0,0.0,1.0,1.0,3,3.0,0.0,0.0,0.0,0.0,0.0,0.0,0.0,0.0,0.0,0.0,0.0
299,300,1.0,0.0,1.0,1,0,1.0,0.0,1.0,1.0,3,0.0,0.0,2.0,0.0,4.0,0.0,0.0,0.0,0.0,0.0,0.0,0.0
1051,300,1.0,0.0,1.0,1,0,1.0,0.0,1.0,1.0,3,2.0,0.0,0.0,2.0,0.0,0.0,0.0,0.0,0.0,0.0,0.0,0.0
